Workbook

Sheet NPP Sup DDKD
A2: HCM4 – KH BQ tháng ≥20 triệu đang gắn F2/F4
A3: Tổng hợp NPP → Sup → DDKD; không cộng chồng các cấp. Đề xuất nâng lịch F8 theo T+3.
A5: Số KH | B5: 167
A6: BQ tháng nhóm (triệu) | B6: =SUM('F4'!H2:H7) -> 178.92746
A7: BQ tháng HCM4 (triệu) | B7: 124278.9
A8: Đóng góp BQ tháng HCM4 | B8: =B6/B7 -> 0.0014397251
A10: Cấp | B10: NPP | C10: Sup | D10: DDKD | E10: F2 (KH) | F10: F4 (KH) | G10: Tổng KH | H10: Trước RS (KH) | I10: Sau RS (KH) | J10: BQ tháng (triệu) | K10: % BQ HCM4
A11: NPP | B11: Châu Gia Việt | E11: =COUNTIFS('F4'!#REF!,B11,'F4'!F2:F7,"F2") -> #REF! | F11: =COUNTIFS('F4'!#REF!,B11,'F4'!F2:F7,"F4") -> #REF! | G11: =E11+F11 -> #REF! | H11: =COUNTIFS('F4'!#REF!,B11,'F4'!I2:I7,"Trước RS") -> #REF! | I11: =COUNTIFS('F4'!#REF!,B11,'F4'!I2:I7,"Sau RS") -> #REF! | J11: =SUMIFS('F4'!H2:H7,'F4'!#REF!,B11) -> #REF! | K11: =J11/$B$7 -> #REF!
A12: Sup | B12: Châu Gia Việt | C12: Lê Hoàng Nguyên | E12: =COUNTIFS('F4'!#REF!,B12,'F4'!A2:A7,C12,'F4'!F2:F7,"F2") -> #REF! | F12: =COUNTIFS('F4'!#REF!,B12,'F4'!A2:A7,C12,'F4'!F2:F7,"F4") -> #REF! | G12: =E12+F12 -> #REF! | H12: =COUNTIFS('F4'!#REF!,B12,'F4'!A2:A7,C12,'F4'!I2:I7,"Trước RS") -> #REF! | I12: =COUNTIFS('F4'!#REF!,B12,'F4'!A2:A7,C12,'F4'!I2:I7,"Sau RS") -> #REF! | J12: =SUMIFS('F4'!H2:H7,'F4'!#REF!,B12,'F4'!A2:A7,C12) -> #REF! | K12: =J12/$B$7 -> #REF!
A13: DDKD | B13: Châu Gia Việt | C13: Lê Hoàng Nguyên | D13: Lê Hoàng Thanh Bảo | E13: =COUNTIFS('F4'!#REF!,B13,'F4'!A2:A7,C13,'F4'!B2:B7,D13,'F4'!F2:F7,"F2") -> #REF! | F13: =COUNTIFS('F4'!#REF!,B13,'F4'!A2:A7,C13,'F4'!B2:B7,D13,'F4'!F2:F7,"F4") -> #REF! | G13: =E13+F13 -> #REF! | H13: =COUNTIFS('F4'!#REF!,B13,'F4'!A2:A7,C13,'F4'!B2:B7,D13,'F4'!I2:I7,"Trước RS") -> #REF! | I13: =COUNTIFS('F4'!#REF!,B13,'F4'!A2:A7,C13,'F4'!B2:B7,D13,'F4'!I2:I7,"Sau RS") -> #REF! | J13: =SUMIFS('F4'!H2:H7,'F4'!#REF!,B13,'F4'!A2:A7,C13,'F4'!B2:B7,D13) -> #REF! | K13: =J13/$B$7 -> #REF!
A14: DDKD | B14: Châu Gia Việt | C14: Lê Hoàng Nguyên | D14: Mai Thị Bé Diệu | E14: =COUNTIFS('F4'!#REF!,B14,'F4'!A2:A7,C14,'F4'!B2:B7,D14,'F4'!F2:F7,"F2") -> #REF! | F14: =COUNTIFS('F4'!#REF!,B14,'F4'!A2:A7,C14,'F4'!B2:B7,D14,'F4'!F2:F7,"F4") -> #REF! | G14: =E14+F14 -> #REF! | H14: =COUNTIFS('F4'!#REF!,B14,'F4'!A2:A7,C14,'F4'!B2:B7,D14,'F4'!I2:I7,"Trước RS") -> #REF! | I14: =COUNTIFS('F4'!#REF!,B14,'F4'!A2:A7,C14,'F4'!B2:B7,D14,'F4'!I2:I7,"Sau RS") -> #REF! | J14: =SUMIFS('F4'!H2:H7,'F4'!#REF!,B14,'F4'!A2:A7,C14,'F4'!B2:B7,D14) -> #REF! | K14: =J14/$B$7 -> #REF!
A15: DDKD | B15: Châu Gia Việt | C15: Lê Hoàng Nguyên | D15: Phạm Thanh Trường | E15: =COUNTIFS('F4'!#REF!,B15,'F4'!A2:A7,C15,'F4'!B2:B7,D15,'F4'!F2:F7,"F2") -> #REF! | F15: =COUNTIFS('F4'!#REF!,B15,'F4'!A2:A7,C15,'F4'!B2:B7,D15,'F4'!F2:F7,"F4") -> #REF! | G15: =E15+F15 -> #REF! | H15: =COUNTIFS('F4'!#REF!,B15,'F4'!A2:A7,C15,'F4'!B2:B7,D15,'F4'!I2:I7,"Trước RS") -> #REF! | I15: =COUNTIFS('F4'!#REF!,B15,'F4'!A2:A7,C15,'F4'!B2:B7,D15,'F4'!I2:I7,"Sau RS") -> #REF! | J15: =SUMIFS('F4'!H2:H7,'F4'!#REF!,B15,'F4'!A2:A7,C15,'F4'!B2:B7,D15) -> #REF! | K15: =J15/$B$7 -> #REF!
A16: DDKD | B16: Châu Gia Việt | C16: Lê Hoàng Nguyên | D16: Trịnh Văn Minh | E16: =COUNTIFS('F4'!#REF!,B16,'F4'!A2:A7,C16,'F4'!B2:B7,D16,'F4'!F2:F7,"F2") -> #REF! | F16: =COUNTIFS('F4'!#REF!,B16,'F4'!A2:A7,C16,'F4'!B2:B7,D16,'F4'!F2:F7,"F4") -> #REF! | G16: =E16+F16 -> #REF! | H16: =COUNTIFS('F4'!#REF!,B16,'F4'!A2:A7,C16,'F4'!B2:B7,D16,'F4'!I2:I7,"Trước RS") -> #REF! | I16: =COUNTIFS('F4'!#REF!,B16,'F4'!A2:A7,C16,'F4'!B2:B7,D16,'F4'!I2:I7,"Sau RS") -> #REF! | J16: =SUMIFS('F4'!H2:H7,'F4'!#REF!,B16,'F4'!A2:A7,C16,'F4'!B2:B7,D16) -> #REF! | K16: =J16/$B$7 -> #REF!
A17: DDKD | B17: Châu Gia Việt | C17: Lê Hoàng Nguyên | D17: Đinh Công Truyền | E17: =COUNTIFS('F4'!#REF!,B17,'F4'!A2:A7,C17,'F4'!B2:B7,D17,'F4'!F2:F7,"F2") -> #REF! | F17: =COUNTIFS('F4'!#REF!,B17,'F4'!A2:A7,C17,'F4'!B2:B7,D17,'F4'!F2:F7,"F4") -> #REF! | G17: =E17+F17 -> #REF! | H17: =COUNTIFS('F4'!#REF!,B17,'F4'!A2:A7,C17,'F4'!B2:B7,D17,'F4'!I2:I7,"Trước RS") -> #REF! | I17: =COUNTIFS('F4'!#REF!,B17,'F4'!A2:A7,C17,'F4'!B2:B7,D17,'F4'!I2:I7,"Sau RS") -> #REF! | J17: =SUMIFS('F4'!H2:H7,'F4'!#REF!,B17,'F4'!A2:A7,C17,'F4'!B2:B7,D17) -> #REF! | K17: =J17/$B$7 -> #REF!
A18: Sup | B18: Châu Gia Việt | C18: Phan Long Hoàng | E18: =COUNTIFS('F4'!#REF!,B18,'F4'!A2:A7,C18,'F4'!F2:F7,"F2") -> #REF! | F18: =COUNTIFS('F4'!#REF!,B18,'F4'!A2:A7,C18,'F4'!F2:F7,"F4") -> #REF! | G18: =E18+F18 -> #REF! | H18: =COUNTIFS('F4'!#REF!,B18,'F4'!A2:A7,C18,'F4'!I2:I7,"Trước RS") -> #REF! | I18: =COUNTIFS('F4'!#REF!,B18,'F4'!A2:A7,C18,'F4'!I2:I7,"Sau RS") -> #REF! | J18: =SUMIFS('F4'!H2:H7,'F4'!#REF!,B18,'F4'!A2:A7,C18) -> #REF! | K18: =J18/$B$7 -> #REF!
A19: DDKD | B19: Châu Gia Việt | C19: Phan Long Hoàng | D19: Huỳnh Thu Thuyền | E19: =COUNTIFS('F4'!#REF!,B19,'F4'!A2:A7,C19,'F4'!B2:B7,D19,'F4'!F2:F7,"F2") -> #REF! | F19: =COUNTIFS('F4'!#REF!,B19,'F4'!A2:A7,C19,'F4'!B2:B7,D19,'F4'!F2:F7,"F4") -> #REF! | G19: =E19+F19 -> #REF! | H19: =COUNTIFS('F4'!#REF!,B19,'F4'!A2:A7,C19,'F4'!B2:B7,D19,'F4'!I2:I7,"Trước RS") -> #REF! | I19: =COUNTIFS('F4'!#REF!,B19,'F4'!A2:A7,C19,'F4'!B2:B7,D19,'F4'!I2:I7,"Sau RS") -> #REF! | J19: =SUMIFS('F4'!H2:H7,'F4'!#REF!,B19,'F4'!A2:A7,C19,'F4'!B2:B7,D19) -> #REF! | K19: =J19/$B$7 -> #REF!
A20: DDKD | B20: Châu Gia Việt | C20: Phan Long Hoàng | D20: Lê Hùng Đức | E20: =COUNTIFS('F4'!#REF!,B20,'F4'!A2:A7,C20,'F4'!B2:B7,D20,'F4'!F2:F7,"F2") -> #REF! | F20: =COUNTIFS('F4'!#REF!,B20,'F4'!A2:A7,C20,'F4'!B2:B7,D20,'F4'!F2:F7,"F4") -> #REF! | G20: =E20+F20 -> #REF! | H20: =COUNTIFS('F4'!#REF!,B20,'F4'!A2:A7,C20,'F4'!B2:B7,D20,'F4'!I2:I7,"Trước RS") -> #REF! | I20: =COUNTIFS('F4'!#REF!,B20,'F4'!A2:A7,C20,'F4'!B2:B7,D20,'F4'!I2:I7,"Sau RS") -> #REF! | J20: =SUMIFS('F4'!H2:H7,'F4'!#REF!,B20,'F4'!A2:A7,C20,'F4'!B2:B7,D20) -> #REF! | K20: =J20/$B$7 -> #REF!
A21: DDKD | B21: Châu Gia Việt | C21: Phan Long Hoàng | D21: Nguyễn Phước Tài | E21: =COUNTIFS('F4'!#REF!,B21,'F4'!A2:A7,C21,'F4'!B2:B7,D21,'F4'!F2:F7,"F2") -> #REF! | F21: =COUNTIFS('F4'!#REF!,B21,'F4'!A2:A7,C21,'F4'!B2:B7,D21,'F4'!F2:F7,"F4") -> #REF! | G21: =E21+F21 -> #REF! | H21: =COUNTIFS('F4'!#REF!,B21,'F4'!A2:A7,C21,'F4'!B2:B7,D21,'F4'!I2:I7,"Trước RS") -> #REF! | I21: =COUNTIFS('F4'!#REF!,B21,'F4'!A2:A7,C21,'F4'!B2:B7,D21,'F4'!I2:I7,"Sau RS") -> #REF! | J21: =SUMIFS('F4'!H2:H7,'F4'!#REF!,B21,'F4'!A2:A7,C21,'F4'!B2:B7,D21) -> #REF! | K21: =J21/$B$7 -> #REF!
A22: DDKD | B22: Châu Gia Việt | C22: Phan Long Hoàng | D22: Nguyễn Thị Kim Xuyến | E22: =COUNTIFS('F4'!#REF!,B22,'F4'!A2:A7,C22,'F4'!B2:B7,D22,'F4'!F2:F7,"F2") -> #REF! | F22: =COUNTIFS('F4'!#REF!,B22,'F4'!A2:A7,C22,'F4'!B2:B7,D22,'F4'!F2:F7,"F4") -> #REF! | G22: =E22+F22 -> #REF! | H22: =COUNTIFS('F4'!#REF!,B22,'F4'!A2:A7,C22,'F4'!B2:B7,D22,'F4'!I2:I7,"Trước RS") -> #REF! | I22: =COUNTIFS('F4'!#REF!,B22,'F4'!A2:A7,C22,'F4'!B2:B7,D22,'F4'!I2:I7,"Sau RS") -> #REF! | J22: =SUMIFS('F4'!H2:H7,'F4'!#REF!,B22,'F4'!A2:A7,C22,'F4'!B2:B7,D22) -> #REF! | K22: =J22/$B$7 -> #REF!
A23: DDKD | B23: Châu Gia Việt | C23: Phan Long Hoàng | D23: Nguyễn Văn Sinh | E23: =COUNTIFS('F4'!#REF!,B23,'F4'!A2:A7,C23,'F4'!B2:B7,D23,'F4'!F2:F7,"F2") -> #REF! | F23: =COUNTIFS('F4'!#REF!,B23,'F4'!A2:A7,C23,'F4'!B2:B7,D23,'F4'!F2:F7,"F4") -> #REF! | G23: =E23+F23 -> #REF! | H23: =COUNTIFS('F4'!#REF!,B23,'F4'!A2:A7,C23,'F4'!B2:B7,D23,'F4'!I2:I7,"Trước RS") -> #REF! | I23: =COUNTIFS('F4'!#REF!,B23,'F4'!A2:A7,C23,'F4'!B2:B7,D23,'F4'!I2:I7,"Sau RS") -> #REF! | J23: =SUMIFS('F4'!H2:H7,'F4'!#REF!,B23,'F4'!A2:A7,C23,'F4'!B2:B7,D23) -> #REF! | K23: =J23/$B$7 -> #REF!
A24: DDKD | B24: Châu Gia Việt | C24: Phan Long Hoàng | D24: Đỗ Hồng Phúc | E24: =COUNTIFS('F4'!#REF!,B24,'F4'!A2:A7,C24,'F4'!B2:B7,D24,'F4'!F2:F7,"F2") -> #REF! | F24: =COUNTIFS('F4'!#REF!,B24,'F4'!A2:A7,C24,'F4'!B2:B7,D24,'F4'!F2:F7,"F4") -> #REF! | G24: =E24+F24 -> #REF! | H24: =COUNTIFS('F4'!#REF!,B24,'F4'!A2:A7,C24,'F4'!B2:B7,D24,'F4'!I2:I7,"Trước RS") -> #REF! | I24: =COUNTIFS('F4'!#REF!,B24,'F4'!A2:A7,C24,'F4'!B2:B7,D24,'F4'!I2:I7,"Sau RS") -> #REF! | J24: =SUMIFS('F4'!H2:H7,'F4'!#REF!,B24,'F4'!A2:A7,C24,'F4'!B2:B7,D24) -> #REF! | K24: =J24/$B$7 -> #REF!
A25: NPP | B25: Minh Phát Thành | E25: =COUNTIFS('F4'!#REF!,B25,'F4'!F2:F7,"F2") -> #REF! | F25: =COUNTIFS('F4'!#REF!,B25,'F4'!F2:F7,"F4") -> #REF! | G25: =E25+F25 -> #REF! | H25: =COUNTIFS('F4'!#REF!,B25,'F4'!I2:I7,"Trước RS") -> #REF! | I25: =COUNTIFS('F4'!#REF!,B25,'F4'!I2:I7,"Sau RS") -> #REF! | J25: =SUMIFS('F4'!H2:H7,'F4'!#REF!,B25) -> #REF! | K25: =J25/$B$7 -> #REF!
A26: Sup | B26: Minh Phát Thành | C26: Lê Thanh Thông | E26: =COUNTIFS('F4'!#REF!,B26,'F4'!A2:A7,C26,'F4'!F2:F7,"F2") -> #REF! | F26: =COUNTIFS('F4'!#REF!,B26,'F4'!A2:A7,C26,'F4'!F2:F7,"F4") -> #REF! | G26: =E26+F26 -> #REF! | H26: =COUNTIFS('F4'!#REF!,B26,'F4'!A2:A7,C26,'F4'!I2:I7,"Trước RS") -> #REF! | I26: =COUNTIFS('F4'!#REF!,B26,'F4'!A2:A7,C26,'F4'!I2:I7,"Sau RS") -> #REF! | J26: =SUMIFS('F4'!H2:H7,'F4'!#REF!,B26,'F4'!A2:A7,C26) -> #REF! | K26: =J26/$B$7 -> #REF!
A27: DDKD | B27: Minh Phát Thành | C27: Lê Thanh Thông | D27: Danh Kiệt | E27: =COUNTIFS('F4'!#REF!,B27,'F4'!A2:A7,C27,'F4'!B2:B7,D27,'F4'!F2:F7,"F2") -> #REF! | F27: =COUNTIFS('F4'!#REF!,B27,'F4'!A2:A7,C27,'F4'!B2:B7,D27,'F4'!F2:F7,"F4") -> #REF! | G27: =E27+F27 -> #REF! | H27: =COUNTIFS('F4'!#REF!,B27,'F4'!A2:A7,C27,'F4'!B2:B7,D27,'F4'!I2:I7,"Trước RS") -> #REF! | I27: =COUNTIFS('F4'!#REF!,B27,'F4'!A2:A7,C27,'F4'!B2:B7,D27,'F4'!I2:I7,"Sau RS") -> #REF! | J27: =SUMIFS('F4'!H2:H7,'F4'!#REF!,B27,'F4'!A2:A7,C27,'F4'!B2:B7,D27) -> #REF! | K27: =J27/$B$7 -> #REF!
A28: DDKD | B28: Minh Phát Thành | C28: Lê Thanh Thông | D28: Lê Võ Nghĩa | E28: =COUNTIFS('F4'!#REF!,B28,'F4'!A2:A7,C28,'F4'!B2:B7,D28,'F4'!F2:F7,"F2") -> #REF! | F28: =COUNTIFS('F4'!#REF!,B28,'F4'!A2:A7,C28,'F4'!B2:B7,D28,'F4'!F2:F7,"F4") -> #REF! | G28: =E28+F28 -> #REF! | H28: =COUNTIFS('F4'!#REF!,B28,'F4'!A2:A7,C28,'F4'!B2:B7,D28,'F4'!I2:I7,"Trước RS") -> #REF! | I28: =COUNTIFS('F4'!#REF!,B28,'F4'!A2:A7,C28,'F4'!B2:B7,D28,'F4'!I2:I7,"Sau RS") -> #REF! | J28: =SUMIFS('F4'!H2:H7,'F4'!#REF!,B28,'F4'!A2:A7,C28,'F4'!B2:B7,D28) -> #REF! | K28: =J28/$B$7 -> #REF!
A29: DDKD | B29: Minh Phát Thành | C29: Lê Thanh Thông | D29: Lưu Thị Hạnh Nguyên | E29: =COUNTIFS('F4'!#REF!,B29,'F4'!A2:A7,C29,'F4'!B2:B7,D29,'F4'!F2:F7,"F2") -> #REF! | F29: =COUNTIFS('F4'!#REF!,B29,'F4'!A2:A7,C29,'F4'!B2:B7,D29,'F4'!F2:F7,"F4") -> #REF! | G29: =E29+F29 -> #REF! | H29: =COUNTIFS('F4'!#REF!,B29,'F4'!A2:A7,C29,'F4'!B2:B7,D29,'F4'!I2:I7,"Trước RS") -> #REF! | I29: =COUNTIFS('F4'!#REF!,B29,'F4'!A2:A7,C29,'F4'!B2:B7,D29,'F4'!I2:I7,"Sau RS") -> #REF! | J29: =SUMIFS('F4'!H2:H7,'F4'!#REF!,B29,'F4'!A2:A7,C29,'F4'!B2:B7,D29) -> #REF! | K29: =J29/$B$7 -> #REF!
A30: DDKD | B30: Minh Phát Thành | C30: Lê Thanh Thông | D30: Nguyễn Bảo Duy | E30: =COUNTIFS('F4'!#REF!,B30,'F4'!A2:A7,C30,'F4'!B2:B7,D30,'F4'!F2:F7,"F2") -> #REF! | F30: =COUNTIFS('F4'!#REF!,B30,'F4'!A2:A7,C30,'F4'!B2:B7,D30,'F4'!F2:F7,"F4") -> #REF! | G30: =E30+F30 -> #REF! | H30: =COUNTIFS('F4'!#REF!,B30,'F4'!A2:A7,C30,'F4'!B2:B7,D30,'F4'!I2:I7,"Trước RS") -> #REF! | I30: =COUNTIFS('F4'!#REF!,B30,'F4'!A2:A7,C30,'F4'!B2:B7,D30,'F4'!I2:I7,"Sau RS") -> #REF! | J30: =SUMIFS('F4'!H2:H7,'F4'!#REF!,B30,'F4'!A2:A7,C30,'F4'!B2:B7,D30) -> #REF! | K30: =J30/$B$7 -> #REF!
A31: DDKD | B31: Minh Phát Thành | C31: Lê Thanh Thông | D31: Nguyễn Thái Dương | E31: =COUNTIFS('F4'!#REF!,B31,'F4'!A2:A7,C31,'F4'!B2:B7,D31,'F4'!F2:F7,"F2") -> #REF! | F31: =COUNTIFS('F4'!#REF!,B31,'F4'!A2:A7,C31,'F4'!B2:B7,D31,'F4'!F2:F7,"F4") -> #REF! | G31: =E31+F31 -> #REF! | H31: =COUNTIFS('F4'!#REF!,B31,'F4'!A2:A7,C31,'F4'!B2:B7,D31,'F4'!I2:I7,"Trước RS") -> #REF! | I31: =COUNTIFS('F4'!#REF!,B31,'F4'!A2:A7,C31,'F4'!B2:B7,D31,'F4'!I2:I7,"Sau RS") -> #REF! | J31: =SUMIFS('F4'!H2:H7,'F4'!#REF!,B31,'F4'!A2:A7,C31,'F4'!B2:B7,D31) -> #REF! | K31: =J31/$B$7 -> #REF!
A32: DDKD | B32: Minh Phát Thành | C32: Lê Thanh Thông | D32: Nguyễn Thị Thanh Nhàn | E32: =COUNTIFS('F4'!#REF!,B32,'F4'!A2:A7,C32,'F4'!B2:B7,D32,'F4'!F2:F7,"F2") -> #REF! | F32: =COUNTIFS('F4'!#REF!,B32,'F4'!A2:A7,C32,'F4'!B2:B7,D32,'F4'!F2:F7,"F4") -> #REF! | G32: =E32+F32 -> #REF! | H32: =COUNTIFS('F4'!#REF!,B32,'F4'!A2:A7,C32,'F4'!B2:B7,D32,'F4'!I2:I7,"Trước RS") -> #REF! | I32: =COUNTIFS('F4'!#REF!,B32,'F4'!A2:A7,C32,'F4'!B2:B7,D32,'F4'!I2:I7,"Sau RS") -> #REF! | J32: =SUMIFS('F4'!H2:H7,'F4'!#REF!,B32,'F4'!A2:A7,C32,'F4'!B2:B7,D32) -> #REF! | K32: =J32/$B$7 -> #REF!
A33: DDKD | B33: Minh Phát Thành | C33: Lê Thanh Thông | D33: Nguyễn Thị Thanh Thúy | E33: =COUNTIFS('F4'!#REF!,B33,'F4'!A2:A7,C33,'F4'!B2:B7,D33,'F4'!F2:F7,"F2") -> #REF! | F33: =COUNTIFS('F4'!#REF!,B33,'F4'!A2:A7,C33,'F4'!B2:B7,D33,'F4'!F2:F7,"F4") -> #REF! | G33: =E33+F33 -> #REF! | H33: =COUNTIFS('F4'!#REF!,B33,'F4'!A2:A7,C33,'F4'!B2:B7,D33,'F4'!I2:I7,"Trước RS") -> #REF! | I33: =COUNTIFS('F4'!#REF!,B33,'F4'!A2:A7,C33,'F4'!B2:B7,D33,'F4'!I2:I7,"Sau RS") -> #REF! | J33: =SUMIFS('F4'!H2:H7,'F4'!#REF!,B33,'F4'!A2:A7,C33,'F4'!B2:B7,D33) -> #REF! | K33: =J33/$B$7 -> #REF!
A34: DDKD | B34: Minh Phát Thành | C34: Lê Thanh Thông | D34: Nguyễn Thị Ánh Trinh | E34: =COUNTIFS('F4'!#REF!,B34,'F4'!A2:A7,C34,'F4'!B2:B7,D34,'F4'!F2:F7,"F2") -> #REF! | F34: =COUNTIFS('F4'!#REF!,B34,'F4'!A2:A7,C34,'F4'!B2:B7,D34,'F4'!F2:F7,"F4") -> #REF! | G34: =E34+F34 -> #REF! | H34: =COUNTIFS('F4'!#REF!,B34,'F4'!A2:A7,C34,'F4'!B2:B7,D34,'F4'!I2:I7,"Trước RS") -> #REF! | I34: =COUNTIFS('F4'!#REF!,B34,'F4'!A2:A7,C34,'F4'!B2:B7,D34,'F4'!I2:I7,"Sau RS") -> #REF! | J34: =SUMIFS('F4'!H2:H7,'F4'!#REF!,B34,'F4'!A2:A7,C34,'F4'!B2:B7,D34) -> #REF! | K34: =J34/$B$7 -> #REF!
A35: DDKD | B35: Minh Phát Thành | C35: Lê Thanh Thông | D35: Nguyễn Văn Vương | E35: =COUNTIFS('F4'!#REF!,B35,'F4'!A2:A7,C35,'F4'!B2:B7,D35,'F4'!F2:F7,"F2") -> #REF! | F35: =COUNTIFS('F4'!#REF!,B35,'F4'!A2:A7,C35,'F4'!B2:B7,D35,'F4'!F2:F7,"F4") -> #REF! | G35: =E35+F35 -> #REF! | H35: =COUNTIFS('F4'!#REF!,B35,'F4'!A2:A7,C35,'F4'!B2:B7,D35,'F4'!I2:I7,"Trước RS") -> #REF! | I35: =COUNTIFS('F4'!#REF!,B35,'F4'!A2:A7,C35,'F4'!B2:B7,D35,'F4'!I2:I7,"Sau RS") -> #REF! | J35: =SUMIFS('F4'!H2:H7,'F4'!#REF!,B35,'F4'!A2:A7,C35,'F4'!B2:B7,D35) -> #REF! | K35: =J35/$B$7 -> #REF!
A36: DDKD | B36: Minh Phát Thành | C36: Lê Thanh Thông | D36: Trương Hoàng Việt | E36: =COUNTIFS('F4'!#REF!,B36,'F4'!A2:A7,C36,'F4'!B2:B7,D36,'F4'!F2:F7,"F2") -> #REF! | F36: =COUNTIFS('F4'!#REF!,B36,'F4'!A2:A7,C36,'F4'!B2:B7,D36,'F4'!F2:F7,"F4") -> #REF! | G36: =E36+F36 -> #REF! | H36: =COUNTIFS('F4'!#REF!,B36,'F4'!A2:A7,C36,'F4'!B2:B7,D36,'F4'!I2:I7,"Trước RS") -> #REF! | I36: =COUNTIFS('F4'!#REF!,B36,'F4'!A2:A7,C36,'F4'!B2:B7,D36,'F4'!I2:I7,"Sau RS") -> #REF! | J36: =SUMIFS('F4'!H2:H7,'F4'!#REF!,B36,'F4'!A2:A7,C36,'F4'!B2:B7,D36) -> #REF! | K36: =J36/$B$7 -> #REF!
A37: Sup | B37: Minh Phát Thành | C37: Nguyễn Thị Tường Vy | E37: =COUNTIFS('F4'!#REF!,B37,'F4'!A2:A7,C37,'F4'!F2:F7,"F2") -> #REF! | F37: =COUNTIFS('F4'!#REF!,B37,'F4'!A2:A7,C37,'F4'!F2:F7,"F4") -> #REF! | G37: =E37+F37 -> #REF! | H37: =COUNTIFS('F4'!#REF!,B37,'F4'!A2:A7,C37,'F4'!I2:I7,"Trước RS") -> #REF! | I37: =COUNTIFS('F4'!#REF!,B37,'F4'!A2:A7,C37,'F4'!I2:I7,"Sau RS") -> #REF! | J37: =SUMIFS('F4'!H2:H7,'F4'!#REF!,B37,'F4'!A2:A7,C37) -> #REF! | K37: =J37/$B$7 -> #REF!
A38: DDKD | B38: Minh Phát Thành | C38: Nguyễn Thị Tường Vy | D38: Huỳnh Hữu Chính | E38: =COUNTIFS('F4'!#REF!,B38,'F4'!A2:A7,C38,'F4'!B2:B7,D38,'F4'!F2:F7,"F2") -> #REF! | F38: =COUNTIFS('F4'!#REF!,B38,'F4'!A2:A7,C38,'F4'!B2:B7,D38,'F4'!F2:F7,"F4") -> #REF! | G38: =E38+F38 -> #REF! | H38: =COUNTIFS('F4'!#REF!,B38,'F4'!A2:A7,C38,'F4'!B2:B7,D38,'F4'!I2:I7,"Trước RS") -> #REF! | I38: =COUNTIFS('F4'!#REF!,B38,'F4'!A2:A7,C38,'F4'!B2:B7,D38,'F4'!I2:I7,"Sau RS") -> #REF! | J38: =SUMIFS('F4'!H2:H7,'F4'!#REF!,B38,'F4'!A2:A7,C38,'F4'!B2:B7,D38) -> #REF! | K38: =J38/$B$7 -> #REF!
A39: DDKD | B39: Minh Phát Thành | C39: Nguyễn Thị Tường Vy | D39: Lê Tấn Cường | E39: =COUNTIFS('F4'!#REF!,B39,'F4'!A2:A7,C39,'F4'!B2:B7,D39,'F4'!F2:F7,"F2") -> #REF! | F39: =COUNTIFS('F4'!#REF!,B39,'F4'!A2:A7,C39,'F4'!B2:B7,D39,'F4'!F2:F7,"F4") -> #REF! | G39: =E39+F39 -> #REF! | H39: =COUNTIFS('F4'!#REF!,B39,'F4'!A2:A7,C39,'F4'!B2:B7,D39,'F4'!I2:I7,"Trước RS") -> #REF! | I39: =COUNTIFS('F4'!#REF!,B39,'F4'!A2:A7,C39,'F4'!B2:B7,D39,'F4'!I2:I7,"Sau RS") -> #REF! | J39: =SUMIFS('F4'!H2:H7,'F4'!#REF!,B39,'F4'!A2:A7,C39,'F4'!B2:B7,D39) -> #REF! | K39: =J39/$B$7 -> #REF!
A40: DDKD | B40: Minh Phát Thành | C40: Nguyễn Thị Tường Vy | D40: Lý Quốc Mẫn | E40: =COUNTIFS('F4'!#REF!,B40,'F4'!A2:A7,C40,'F4'!B2:B7,D40,'F4'!F2:F7,"F2") -> #REF! | F40: =COUNTIFS('F4'!#REF!,B40,'F4'!A2:A7,C40,'F4'!B2:B7,D40,'F4'!F2:F7,"F4") -> #REF! | G40: =E40+F40 -> #REF! | H40: =COUNTIFS('F4'!#REF!,B40,'F4'!A2:A7,C40,'F4'!B2:B7,D40,'F4'!I2:I7,"Trước RS") -> #REF! | I40: =COUNTIFS('F4'!#REF!,B40,'F4'!A2:A7,C40,'F4'!B2:B7,D40,'F4'!I2:I7,"Sau RS") -> #REF! | J40: =SUMIFS('F4'!H2:H7,'F4'!#REF!,B40,'F4'!A2:A7,C40,'F4'!B2:B7,D40) -> #REF! | K40: =J40/$B$7 -> #REF!
A41: DDKD | B41: Minh Phát Thành | C41: Nguyễn Thị Tường Vy | D41: Nguyễn Tấn Trung | E41: =COUNTIFS('F4'!#REF!,B41,'F4'!A2:A7,C41,'F4'!B2:B7,D41,'F4'!F2:F7,"F2") -> #REF! | F41: =COUNTIFS('F4'!#REF!,B41,'F4'!A2:A7,C41,'F4'!B2:B7,D41,'F4'!F2:F7,"F4") -> #REF! | G41: =E41+F41 -> #REF! | H41: =COUNTIFS('F4'!#REF!,B41,'F4'!A2:A7,C41,'F4'!B2:B7,D41,'F4'!I2:I7,"Trước RS") -> #REF! | I41: =COUNTIFS('F4'!#REF!,B41,'F4'!A2:A7,C41,'F4'!B2:B7,D41,'F4'!I2:I7,"Sau RS") -> #REF! | J41: =SUMIFS('F4'!H2:H7,'F4'!#REF!,B41,'F4'!A2:A7,C41,'F4'!B2:B7,D41) -> #REF! | K41: =J41/$B$7 -> #REF!
A42: DDKD | B42: Minh Phát Thành | C42: Nguyễn Thị Tường Vy | D42: Nguyễn Tấn Tài | E42: =COUNTIFS('F4'!#REF!,B42,'F4'!A2:A7,C42,'F4'!B2:B7,D42,'F4'!F2:F7,"F2") -> #REF! | F42: =COUNTIFS('F4'!#REF!,B42,'F4'!A2:A7,C42,'F4'!B2:B7,D42,'F4'!F2:F7,"F4") -> #REF! | G42: =E42+F42 -> #REF! | H42: =COUNTIFS('F4'!#REF!,B42,'F4'!A2:A7,C42,'F4'!B2:B7,D42,'F4'!I2:I7,"Trước RS") -> #REF! | I42: =COUNTIFS('F4'!#REF!,B42,'F4'!A2:A7,C42,'F4'!B2:B7,D42,'F4'!I2:I7,"Sau RS") -> #REF! | J42: =SUMIFS('F4'!H2:H7,'F4'!#REF!,B42,'F4'!A2:A7,C42,'F4'!B2:B7,D42) -> #REF! | K42: =J42/$B$7 -> #REF!
A43: DDKD | B43: Minh Phát Thành | C43: Nguyễn Thị Tường Vy | D43: Nguyễn Tấn Tươi | E43: =COUNTIFS('F4'!#REF!,B43,'F4'!A2:A7,C43,'F4'!B2:B7,D43,'F4'!F2:F7,"F2") -> #REF! | F43: =COUNTIFS('F4'!#REF!,B43,'F4'!A2:A7,C43,'F4'!B2:B7,D43,'F4'!F2:F7,"F4") -> #REF! | G43: =E43+F43 -> #REF! | H43: =COUNTIFS('F4'!#REF!,B43,'F4'!A2:A7,C43,'F4'!B2:B7,D43,'F4'!I2:I7,"Trước RS") -> #REF! | I43: =COUNTIFS('F4'!#REF!,B43,'F4'!A2:A7,C43,'F4'!B2:B7,D43,'F4'!I2:I7,"Sau RS") -> #REF! | J43: =SUMIFS('F4'!H2:H7,'F4'!#REF!,B43,'F4'!A2:A7,C43,'F4'!B2:B7,D43) -> #REF! | K43: =J43/$B$7 -> #REF!
A44: DDKD | B44: Minh Phát Thành | C44: Nguyễn Thị Tường Vy | D44: Trần Đình Cường | E44: =COUNTIFS('F4'!#REF!,B44,'F4'!A2:A7,C44,'F4'!B2:B7,D44,'F4'!F2:F7,"F2") -> #REF! | F44: =COUNTIFS('F4'!#REF!,B44,'F4'!A2:A7,C44,'F4'!B2:B7,D44,'F4'!F2:F7,"F4") -> #REF! | G44: =E44+F44 -> #REF! | H44: =COUNTIFS('F4'!#REF!,B44,'F4'!A2:A7,C44,'F4'!B2:B7,D44,'F4'!I2:I7,"Trước RS") -> #REF! | I44: =COUNTIFS('F4'!#REF!,B44,'F4'!A2:A7,C44,'F4'!B2:B7,D44,'F4'!I2:I7,"Sau RS") -> #REF! | J44: =SUMIFS('F4'!H2:H7,'F4'!#REF!,B44,'F4'!A2:A7,C44,'F4'!B2:B7,D44) -> #REF! | K44: =J44/$B$7 -> #REF!
A45: DDKD | B45: Minh Phát Thành | C45: Nguyễn Thị Tường Vy | D45: Đinh Ngọc Thông | E45: =COUNTIFS('F4'!#REF!,B45,'F4'!A2:A7,C45,'F4'!B2:B7,D45,'F4'!F2:F7,"F2") -> #REF! | F45: =COUNTIFS('F4'!#REF!,B45,'F4'!A2:A7,C45,'F4'!B2:B7,D45,'F4'!F2:F7,"F4") -> #REF! | G45: =E45+F45 -> #REF! | H45: =COUNTIFS('F4'!#REF!,B45,'F4'!A2:A7,C45,'F4'!B2:B7,D45,'F4'!I2:I7,"Trước RS") -> #REF! | I45: =COUNTIFS('F4'!#REF!,B45,'F4'!A2:A7,C45,'F4'!B2:B7,D45,'F4'!I2:I7,"Sau RS") -> #REF! | J45: =SUMIFS('F4'!H2:H7,'F4'!#REF!,B45,'F4'!A2:A7,C45,'F4'!B2:B7,D45) -> #REF! | K45: =J45/$B$7 -> #REF!
A46: Sup | B46: Minh Phát Thành | C46: Trương Thanh Tân | E46: =COUNTIFS('F4'!#REF!,B46,'F4'!A2:A7,C46,'F4'!F2:F7,"F2") -> #REF! | F46: =COUNTIFS('F4'!#REF!,B46,'F4'!A2:A7,C46,'F4'!F2:F7,"F4") -> #REF! | G46: =E46+F46 -> #REF! | H46: =COUNTIFS('F4'!#REF!,B46,'F4'!A2:A7,C46,'F4'!I2:I7,"Trước RS") -> #REF! | I46: =COUNTIFS('F4'!#REF!,B46,'F4'!A2:A7,C46,'F4'!I2:I7,"Sau RS") -> #REF! | J46: =SUMIFS('F4'!H2:H7,'F4'!#REF!,B46,'F4'!A2:A7,C46) -> #REF! | K46: =J46/$B$7 -> #REF!
A47: DDKD | B47: Minh Phát Thành | C47: Trương Thanh Tân | D47: Huỳnh Tấn Lý | E47: =COUNTIFS('F4'!#REF!,B47,'F4'!A2:A7,C47,'F4'!B2:B7,D47,'F4'!F2:F7,"F2") -> #REF! | F47: =COUNTIFS('F4'!#REF!,B47,'F4'!A2:A7,C47,'F4'!B2:B7,D47,'F4'!F2:F7,"F4") -> #REF! | G47: =E47+F47 -> #REF! | H47: =COUNTIFS('F4'!#REF!,B47,'F4'!A2:A7,C47,'F4'!B2:B7,D47,'F4'!I2:I7,"Trước RS") -> #REF! | I47: =COUNTIFS('F4'!#REF!,B47,'F4'!A2:A7,C47,'F4'!B2:B7,D47,'F4'!I2:I7,"Sau RS") -> #REF! | J47: =SUMIFS('F4'!H2:H7,'F4'!#REF!,B47,'F4'!A2:A7,C47,'F4'!B2:B7,D47) -> #REF! | K47: =J47/$B$7 -> #REF!
A48: DDKD | B48: Minh Phát Thành | C48: Trương Thanh Tân | D48: Hàng Thanh Lộc | E48: =COUNTIFS('F4'!#REF!,B48,'F4'!A2:A7,C48,'F4'!B2:B7,D48,'F4'!F2:F7,"F2") -> #REF! | F48: =COUNTIFS('F4'!#REF!,B48,'F4'!A2:A7,C48,'F4'!B2:B7,D48,'F4'!F2:F7,"F4") -> #REF! | G48: =E48+F48 -> #REF! | H48: =COUNTIFS('F4'!#REF!,B48,'F4'!A2:A7,C48,'F4'!B2:B7,D48,'F4'!I2:I7,"Trước RS") -> #REF! | I48: =COUNTIFS('F4'!#REF!,B48,'F4'!A2:A7,C48,'F4'!B2:B7,D48,'F4'!I2:I7,"Sau RS") -> #REF! | J48: =SUMIFS('F4'!H2:H7,'F4'!#REF!,B48,'F4'!A2:A7,C48,'F4'!B2:B7,D48) -> #REF! | K48: =J48/$B$7 -> #REF!
A49: DDKD | B49: Minh Phát Thành | C49: Trương Thanh Tân | D49: Lê Thị Thơm | E49: =COUNTIFS('F4'!#REF!,B49,'F4'!A2:A7,C49,'F4'!B2:B7,D49,'F4'!F2:F7,"F2") -> #REF! | F49: =COUNTIFS('F4'!#REF!,B49,'F4'!A2:A7,C49,'F4'!B2:B7,D49,'F4'!F2:F7,"F4") -> #REF! | G49: =E49+F49 -> #REF! | H49: =COUNTIFS('F4'!#REF!,B49,'F4'!A2:A7,C49,'F4'!B2:B7,D49,'F4'!I2:I7,"Trước RS") -> #REF! | I49: =COUNTIFS('F4'!#REF!,B49,'F4'!A2:A7,C49,'F4'!B2:B7,D49,'F4'!I2:I7,"Sau RS") -> #REF! | J49: =SUMIFS('F4'!H2:H7,'F4'!#REF!,B49,'F4'!A2:A7,C49,'F4'!B2:B7,D49) -> #REF! | K49: =J49/$B$7 -> #REF!
A50: DDKD | B50: Minh Phát Thành | C50: Trương Thanh Tân | D50: Mai Thị Linh | E50: =COUNTIFS('F4'!#REF!,B50,'F4'!A2:A7,C50,'F4'!B2:B7,D50,'F4'!F2:F7,"F2") -> #REF! | F50: =COUNTIFS('F4'!#REF!,B50,'F4'!A2:A7,C50,'F4'!B2:B7,D50,'F4'!F2:F7,"F4") -> #REF! | G50: =E50+F50 -> #REF! | H50: =COUNTIFS('F4'!#REF!,B50,'F4'!A2:A7,C50,'F4'!B2:B7,D50,'F4'!I2:I7,"Trước RS") -> #REF! | I50: =COUNTIFS('F4'!#REF!,B50,'F4'!A2:A7,C50,'F4'!B2:B7,D50,'F4'!I2:I7,"Sau RS") -> #REF! | J50: =SUMIFS('F4'!H2:H7,'F4'!#REF!,B50,'F4'!A2:A7,C50,'F4'!B2:B7,D50) -> #REF! | K50: =J50/$B$7 -> #REF!
A51: DDKD | B51: Minh Phát Thành | C51: Trương Thanh Tân | D51: Nguyễn Trần Bảo Long | E51: =COUNTIFS('F4'!#REF!,B51,'F4'!A2:A7,C51,'F4'!B2:B7,D51,'F4'!F2:F7,"F2") -> #REF! | F51: =COUNTIFS('F4'!#REF!,B51,'F4'!A2:A7,C51,'F4'!B2:B7,D51,'F4'!F2:F7,"F4") -> #REF! | G51: =E51+F51 -> #REF! | H51: =COUNTIFS('F4'!#REF!,B51,'F4'!A2:A7,C51,'F4'!B2:B7,D51,'F4'!I2:I7,"Trước RS") -> #REF! | I51: =COUNTIFS('F4'!#REF!,B51,'F4'!A2:A7,C51,'F4'!B2:B7,D51,'F4'!I2:I7,"Sau RS") -> #REF! | J51: =SUMIFS('F4'!H2:H7,'F4'!#REF!,B51,'F4'!A2:A7,C51,'F4'!B2:B7,D51) -> #REF! | K51: =J51/$B$7 -> #REF!
A52: DDKD | B52: Minh Phát Thành | C52: Trương Thanh Tân | D52: Nguyễn Văn Đình Chương | E52: =COUNTIFS('F4'!#REF!,B52,'F4'!A2:A7,C52,'F4'!B2:B7,D52,'F4'!F2:F7,"F2") -> #REF! | F52: =COUNTIFS('F4'!#REF!,B52,'F4'!A2:A7,C52,'F4'!B2:B7,D52,'F4'!F2:F7,"F4") -> #REF! | G52: =E52+F52 -> #REF! | H52: =COUNTIFS('F4'!#REF!,B52,'F4'!A2:A7,C52,'F4'!B2:B7,D52,'F4'!I2:I7,"Trước RS") -> #REF! | I52: =COUNTIFS('F4'!#REF!,B52,'F4'!A2:A7,C52,'F4'!B2:B7,D52,'F4'!I2:I7,"Sau RS") -> #REF! | J52: =SUMIFS('F4'!H2:H7,'F4'!#REF!,B52,'F4'!A2:A7,C52,'F4'!B2:B7,D52) -> #REF! | K52: =J52/$B$7 -> #REF!
A53: DDKD | B53: Minh Phát Thành | C53: Trương Thanh Tân | D53: Ngô Nguyễn Cao Kỳ | E53: =COUNTIFS('F4'!#REF!,B53,'F4'!A2:A7,C53,'F4'!B2:B7,D53,'F4'!F2:F7,"F2") -> #REF! | F53: =COUNTIFS('F4'!#REF!,B53,'F4'!A2:A7,C53,'F4'!B2:B7,D53,'F4'!F2:F7,"F4") -> #REF! | G53: =E53+F53 -> #REF! | H53: =COUNTIFS('F4'!#REF!,B53,'F4'!A2:A7,C53,'F4'!B2:B7,D53,'F4'!I2:I7,"Trước RS") -> #REF! | I53: =COUNTIFS('F4'!#REF!,B53,'F4'!A2:A7,C53,'F4'!B2:B7,D53,'F4'!I2:I7,"Sau RS") -> #REF! | J53: =SUMIFS('F4'!H2:H7,'F4'!#REF!,B53,'F4'!A2:A7,C53,'F4'!B2:B7,D53) -> #REF! | K53: =J53/$B$7 -> #REF!
A54: DDKD | B54: Minh Phát Thành | C54: Trương Thanh Tân | D54: Trương Hoàng Giang | E54: =COUNTIFS('F4'!#REF!,B54,'F4'!A2:A7,C54,'F4'!B2:B7,D54,'F4'!F2:F7,"F2") -> #REF! | F54: =COUNTIFS('F4'!#REF!,B54,'F4'!A2:A7,C54,'F4'!B2:B7,D54,'F4'!F2:F7,"F4") -> #REF! | G54: =E54+F54 -> #REF! | H54: =COUNTIFS('F4'!#REF!,B54,'F4'!A2:A7,C54,'F4'!B2:B7,D54,'F4'!I2:I7,"Trước RS") -> #REF! | I54: =COUNTIFS('F4'!#REF!,B54,'F4'!A2:A7,C54,'F4'!B2:B7,D54,'F4'!I2:I7,"Sau RS") -> #REF! | J54: =SUMIFS('F4'!H2:H7,'F4'!#REF!,B54,'F4'!A2:A7,C54,'F4'!B2:B7,D54) -> #REF! | K54: =J54/$B$7 -> #REF!
A55: DDKD | B55: Minh Phát Thành | C55: Trương Thanh Tân | D55: Trần Minh Thành | E55: =COUNTIFS('F4'!#REF!,B55,'F4'!A2:A7,C55,'F4'!B2:B7,D55,'F4'!F2:F7,"F2") -> #REF! | F55: =COUNTIFS('F4'!#REF!,B55,'F4'!A2:A7,C55,'F4'!B2:B7,D55,'F4'!F2:F7,"F4") -> #REF! | G55: =E55+F55 -> #REF! | H55: =COUNTIFS('F4'!#REF!,B55,'F4'!A2:A7,C55,'F4'!B2:B7,D55,'F4'!I2:I7,"Trước RS") -> #REF! | I55: =COUNTIFS('F4'!#REF!,B55,'F4'!A2:A7,C55,'F4'!B2:B7,D55,'F4'!I2:I7,"Sau RS") -> #REF! | J55: =SUMIFS('F4'!H2:H7,'F4'!#REF!,B55,'F4'!A2:A7,C55,'F4'!B2:B7,D55) -> #REF! | K55: =J55/$B$7 -> #REF!
A56: DDKD | B56: Minh Phát Thành | C56: Trương Thanh Tân | D56: Trần Tấn Tài | E56: =COUNTIFS('F4'!#REF!,B56,'F4'!A2:A7,C56,'F4'!B2:B7,D56,'F4'!F2:F7,"F2") -> #REF! | F56: =COUNTIFS('F4'!#REF!,B56,'F4'!A2:A7,C56,'F4'!B2:B7,D56,'F4'!F2:F7,"F4") -> #REF! | G56: =E56+F56 -> #REF! | H56: =COUNTIFS('F4'!#REF!,B56,'F4'!A2:A7,C56,'F4'!B2:B7,D56,'F4'!I2:I7,"Trước RS") -> #REF! | I56: =COUNTIFS('F4'!#REF!,B56,'F4'!A2:A7,C56,'F4'!B2:B7,D56,'F4'!I2:I7,"Sau RS") -> #REF! | J56: =SUMIFS('F4'!H2:H7,'F4'!#REF!,B56,'F4'!A2:A7,C56,'F4'!B2:B7,D56) -> #REF! | K56: =J56/$B$7 -> #REF!
A57: NPP | B57: Quang Vinh Phát | E57: =COUNTIFS('F4'!#REF!,B57,'F4'!F2:F7,"F2") -> #REF! | F57: =COUNTIFS('F4'!#REF!,B57,'F4'!F2:F7,"F4") -> #REF! | G57: =E57+F57 -> #REF! | H57: =COUNTIFS('F4'!#REF!,B57,'F4'!I2:I7,"Trước RS") -> #REF! | I57: =COUNTIFS('F4'!#REF!,B57,'F4'!I2:I7,"Sau RS") -> #REF! | J57: =SUMIFS('F4'!H2:H7,'F4'!#REF!,B57) -> #REF! | K57: =J57/$B$7 -> #REF!
A58: Sup | B58: Quang Vinh Phát | C58: Lê Đăng Khoa | E58: =COUNTIFS('F4'!#REF!,B58,'F4'!A2:A7,C58,'F4'!F2:F7,"F2") -> #REF! | F58: =COUNTIFS('F4'!#REF!,B58,'F4'!A2:A7,C58,'F4'!F2:F7,"F4") -> #REF! | G58: =E58+F58 -> #REF! | H58: =COUNTIFS('F4'!#REF!,B58,'F4'!A2:A7,C58,'F4'!I2:I7,"Trước RS") -> #REF! | I58: =COUNTIFS('F4'!#REF!,B58,'F4'!A2:A7,C58,'F4'!I2:I7,"Sau RS") -> #REF! | J58: =SUMIFS('F4'!H2:H7,'F4'!#REF!,B58,'F4'!A2:A7,C58) -> #REF! | K58: =J58/$B$7 -> #REF!
A59: DDKD | B59: Quang Vinh Phát | C59: Lê Đăng Khoa | D59: Bùi Ngọc Sánh | E59: =COUNTIFS('F4'!#REF!,B59,'F4'!A2:A7,C59,'F4'!B2:B7,D59,'F4'!F2:F7,"F2") -> #REF! | F59: =COUNTIFS('F4'!#REF!,B59,'F4'!A2:A7,C59,'F4'!B2:B7,D59,'F4'!F2:F7,"F4") -> #REF! | G59: =E59+F59 -> #REF! | H59: =COUNTIFS('F4'!#REF!,B59,'F4'!A2:A7,C59,'F4'!B2:B7,D59,'F4'!I2:I7,"Trước RS") -> #REF! | I59: =COUNTIFS('F4'!#REF!,B59,'F4'!A2:A7,C59,'F4'!B2:B7,D59,'F4'!I2:I7,"Sau RS") -> #REF! | J59: =SUMIFS('F4'!H2:H7,'F4'!#REF!,B59,'F4'!A2:A7,C59,'F4'!B2:B7,D59) -> #REF! | K59: =J59/$B$7 -> #REF!
A60: DDKD | B60: Quang Vinh Phát | C60: Lê Đăng Khoa | D60: Lê Thị Tình | E60: =COUNTIFS('F4'!#REF!,B60,'F4'!A2:A7,C60,'F4'!B2:B7,D60,'F4'!F2:F7,"F2") -> #REF! | F60: =COUNTIFS('F4'!#REF!,B60,'F4'!A2:A7,C60,'F4'!B2:B7,D60,'F4'!F2:F7,"F4") -> #REF! | G60: =E60+F60 -> #REF! | H60: =COUNTIFS('F4'!#REF!,B60,'F4'!A2:A7,C60,'F4'!B2:B7,D60,'F4'!I2:I7,"Trước RS") -> #REF! | I60: =COUNTIFS('F4'!#REF!,B60,'F4'!A2:A7,C60,'F4'!B2:B7,D60,'F4'!I2:I7,"Sau RS") -> #REF! | J60: =SUMIFS('F4'!H2:H7,'F4'!#REF!,B60,'F4'!A2:A7,C60,'F4'!B2:B7,D60) -> #REF! | K60: =J60/$B$7 -> #REF!
A61: DDKD | B61: Quang Vinh Phát | C61: Lê Đăng Khoa | D61: Ngô Quí Long | E61: =COUNTIFS('F4'!#REF!,B61,'F4'!A2:A7,C61,'F4'!B2:B7,D61,'F4'!F2:F7,"F2") -> #REF! | F61: =COUNTIFS('F4'!#REF!,B61,'F4'!A2:A7,C61,'F4'!B2:B7,D61,'F4'!F2:F7,"F4") -> #REF! | G61: =E61+F61 -> #REF! | H61: =COUNTIFS('F4'!#REF!,B61,'F4'!A2:A7,C61,'F4'!B2:B7,D61,'F4'!I2:I7,"Trước RS") -> #REF! | I61: =COUNTIFS('F4'!#REF!,B61,'F4'!A2:A7,C61,'F4'!B2:B7,D61,'F4'!I2:I7,"Sau RS") -> #REF! | J61: =SUMIFS('F4'!H2:H7,'F4'!#REF!,B61,'F4'!A2:A7,C61,'F4'!B2:B7,D61) -> #REF! | K61: =J61/$B$7 -> #REF!
A62: DDKD | B62: Quang Vinh Phát | C62: Lê Đăng Khoa | D62: Trần Văn Toản | E62: =COUNTIFS('F4'!#REF!,B62,'F4'!A2:A7,C62,'F4'!B2:B7,D62,'F4'!F2:F7,"F2") -> #REF! | F62: =COUNTIFS('F4'!#REF!,B62,'F4'!A2:A7,C62,'F4'!B2:B7,D62,'F4'!F2:F7,"F4") -> #REF! | G62: =E62+F62 -> #REF! | H62: =COUNTIFS('F4'!#REF!,B62,'F4'!A2:A7,C62,'F4'!B2:B7,D62,'F4'!I2:I7,"Trước RS") -> #REF! | I62: =COUNTIFS('F4'!#REF!,B62,'F4'!A2:A7,C62,'F4'!B2:B7,D62,'F4'!I2:I7,"Sau RS") -> #REF! | J62: =SUMIFS('F4'!H2:H7,'F4'!#REF!,B62,'F4'!A2:A7,C62,'F4'!B2:B7,D62) -> #REF! | K62: =J62/$B$7 -> #REF!
A63: DDKD | B63: Quang Vinh Phát | C63: Lê Đăng Khoa | D63: Vacant đang tuyển 4810 | E63: =COUNTIFS('F4'!#REF!,B63,'F4'!A2:A7,C63,'F4'!B2:B7,D63,'F4'!F2:F7,"F2") -> #REF! | F63: =COUNTIFS('F4'!#REF!,B63,'F4'!A2:A7,C63,'F4'!B2:B7,D63,'F4'!F2:F7,"F4") -> #REF! | G63: =E63+F63 -> #REF! | H63: =COUNTIFS('F4'!#REF!,B63,'F4'!A2:A7,C63,'F4'!B2:B7,D63,'F4'!I2:I7,"Trước RS") -> #REF! | I63: =COUNTIFS('F4'!#REF!,B63,'F4'!A2:A7,C63,'F4'!B2:B7,D63,'F4'!I2:I7,"Sau RS") -> #REF! | J63: =SUMIFS('F4'!H2:H7,'F4'!#REF!,B63,'F4'!A2:A7,C63,'F4'!B2:B7,D63) -> #REF! | K63: =J63/$B$7 -> #REF!
A64: DDKD | B64: Quang Vinh Phát | C64: Lê Đăng Khoa | D64: Vacant đang tuyển 4818 | E64: =COUNTIFS('F4'!#REF!,B64,'F4'!A2:A7,C64,'F4'!B2:B7,D64,'F4'!F2:F7,"F2") -> #REF! | F64: =COUNTIFS('F4'!#REF!,B64,'F4'!A2:A7,C64,'F4'!B2:B7,D64,'F4'!F2:F7,"F4") -> #REF! | G64: =E64+F64 -> #REF! | H64: =COUNTIFS('F4'!#REF!,B64,'F4'!A2:A7,C64,'F4'!B2:B7,D64,'F4'!I2:I7,"Trước RS") -> #REF! | I64: =COUNTIFS('F4'!#REF!,B64,'F4'!A2:A7,C64,'F4'!B2:B7,D64,'F4'!I2:I7,"Sau RS") -> #REF! | J64: =SUMIFS('F4'!H2:H7,'F4'!#REF!,B64,'F4'!A2:A7,C64,'F4'!B2:B7,D64) -> #REF! | K64: =J64/$B$7 -> #REF!
A65: DDKD | B65: Quang Vinh Phát | C65: Lê Đăng Khoa | D65: Vacant đang tuyển 4821 | E65: =COUNTIFS('F4'!#REF!,B65,'F4'!A2:A7,C65,'F4'!B2:B7,D65,'F4'!F2:F7,"F2") -> #REF! | F65: =COUNTIFS('F4'!#REF!,B65,'F4'!A2:A7,C65,'F4'!B2:B7,D65,'F4'!F2:F7,"F4") -> #REF! | G65: =E65+F65 -> #REF! | H65: =COUNTIFS('F4'!#REF!,B65,'F4'!A2:A7,C65,'F4'!B2:B7,D65,'F4'!I2:I7,"Trước RS") -> #REF! | I65: =COUNTIFS('F4'!#REF!,B65,'F4'!A2:A7,C65,'F4'!B2:B7,D65,'F4'!I2:I7,"Sau RS") -> #REF! | J65: =SUMIFS('F4'!H2:H7,'F4'!#REF!,B65,'F4'!A2:A7,C65,'F4'!B2:B7,D65) -> #REF! | K65: =J65/$B$7 -> #REF!
A66: NPP | B66: Quang Vinh Phát MTV | E66: =COUNTIFS('F4'!#REF!,B66,'F4'!F2:F7,"F2") -> #REF! | F66: =COUNTIFS('F4'!#REF!,B66,'F4'!F2:F7,"F4") -> #REF! | G66: =E66+F66 -> #REF! | H66: =COUNTIFS('F4'!#REF!,B66,'F4'!I2:I7,"Trước RS") -> #REF! | I66: =COUNTIFS('F4'!#REF!,B66,'F4'!I2:I7,"Sau RS") -> #REF! | J66: =SUMIFS('F4'!H2:H7,'F4'!#REF!,B66) -> #REF! | K66: =J66/$B$7 -> #REF!
A67: Sup | B67: Quang Vinh Phát MTV | C67: Lê Minh Chiến | E67: =COUNTIFS('F4'!#REF!,B67,'F4'!A2:A7,C67,'F4'!F2:F7,"F2") -> #REF! | F67: =COUNTIFS('F4'!#REF!,B67,'F4'!A2:A7,C67,'F4'!F2:F7,"F4") -> #REF! | G67: =E67+F67 -> #REF! | H67: =COUNTIFS('F4'!#REF!,B67,'F4'!A2:A7,C67,'F4'!I2:I7,"Trước RS") -> #REF! | I67: =COUNTIFS('F4'!#REF!,B67,'F4'!A2:A7,C67,'F4'!I2:I7,"Sau RS") -> #REF! | J67: =SUMIFS('F4'!H2:H7,'F4'!#REF!,B67,'F4'!A2:A7,C67) -> #REF! | K67: =J67/$B$7 -> #REF!
A68: DDKD | B68: Quang Vinh Phát MTV | C68: Lê Minh Chiến | D68: Lê Ngọc Bảo | E68: =COUNTIFS('F4'!#REF!,B68,'F4'!A2:A7,C68,'F4'!B2:B7,D68,'F4'!F2:F7,"F2") -> #REF! | F68: =COUNTIFS('F4'!#REF!,B68,'F4'!A2:A7,C68,'F4'!B2:B7,D68,'F4'!F2:F7,"F4") -> #REF! | G68: =E68+F68 -> #REF! | H68: =COUNTIFS('F4'!#REF!,B68,'F4'!A2:A7,C68,'F4'!B2:B7,D68,'F4'!I2:I7,"Trước RS") -> #REF! | I68: =COUNTIFS('F4'!#REF!,B68,'F4'!A2:A7,C68,'F4'!B2:B7,D68,'F4'!I2:I7,"Sau RS") -> #REF! | J68: =SUMIFS('F4'!H2:H7,'F4'!#REF!,B68,'F4'!A2:A7,C68,'F4'!B2:B7,D68) -> #REF! | K68: =J68/$B$7 -> #REF!
A69: DDKD | B69: Quang Vinh Phát MTV | C69: Lê Minh Chiến | D69: Lê Văn Minh Thuận | E69: =COUNTIFS('F4'!#REF!,B69,'F4'!A2:A7,C69,'F4'!B2:B7,D69,'F4'!F2:F7,"F2") -> #REF! | F69: =COUNTIFS('F4'!#REF!,B69,'F4'!A2:A7,C69,'F4'!B2:B7,D69,'F4'!F2:F7,"F4") -> #REF! | G69: =E69+F69 -> #REF! | H69: =COUNTIFS('F4'!#REF!,B69,'F4'!A2:A7,C69,'F4'!B2:B7,D69,'F4'!I2:I7,"Trước RS") -> #REF! | I69: =COUNTIFS('F4'!#REF!,B69,'F4'!A2:A7,C69,'F4'!B2:B7,D69,'F4'!I2:I7,"Sau RS") -> #REF! | J69: =SUMIFS('F4'!H2:H7,'F4'!#REF!,B69,'F4'!A2:A7,C69,'F4'!B2:B7,D69) -> #REF! | K69: =J69/$B$7 -> #REF!
A70: DDKD | B70: Quang Vinh Phát MTV | C70: Lê Minh Chiến | D70: Nguyễn Chí Nguyên | E70: =COUNTIFS('F4'!#REF!,B70,'F4'!A2:A7,C70,'F4'!B2:B7,D70,'F4'!F2:F7,"F2") -> #REF! | F70: =COUNTIFS('F4'!#REF!,B70,'F4'!A2:A7,C70,'F4'!B2:B7,D70,'F4'!F2:F7,"F4") -> #REF! | G70: =E70+F70 -> #REF! | H70: =COUNTIFS('F4'!#REF!,B70,'F4'!A2:A7,C70,'F4'!B2:B7,D70,'F4'!I2:I7,"Trước RS") -> #REF! | I70: =COUNTIFS('F4'!#REF!,B70,'F4'!A2:A7,C70,'F4'!B2:B7,D70,'F4'!I2:I7,"Sau RS") -> #REF! | J70: =SUMIFS('F4'!H2:H7,'F4'!#REF!,B70,'F4'!A2:A7,C70,'F4'!B2:B7,D70) -> #REF! | K70: =J70/$B$7 -> #REF!
A71: DDKD | B71: Quang Vinh Phát MTV | C71: Lê Minh Chiến | D71: Nguyễn Lê Quốc Anh | E71: =COUNTIFS('F4'!#REF!,B71,'F4'!A2:A7,C71,'F4'!B2:B7,D71,'F4'!F2:F7,"F2") -> #REF! | F71: =COUNTIFS('F4'!#REF!,B71,'F4'!A2:A7,C71,'F4'!B2:B7,D71,'F4'!F2:F7,"F4") -> #REF! | G71: =E71+F71 -> #REF! | H71: =COUNTIFS('F4'!#REF!,B71,'F4'!A2:A7,C71,'F4'!B2:B7,D71,'F4'!I2:I7,"Trước RS") -> #REF! | I71: =COUNTIFS('F4'!#REF!,B71,'F4'!A2:A7,C71,'F4'!B2:B7,D71,'F4'!I2:I7,"Sau RS") -> #REF! | J71: =SUMIFS('F4'!H2:H7,'F4'!#REF!,B71,'F4'!A2:A7,C71,'F4'!B2:B7,D71) -> #REF! | K71: =J71/$B$7 -> #REF!
A72: DDKD | B72: Quang Vinh Phát MTV | C72: Lê Minh Chiến | D72: Phùng Minh Trí | E72: =COUNTIFS('F4'!#REF!,B72,'F4'!A2:A7,C72,'F4'!B2:B7,D72,'F4'!F2:F7,"F2") -> #REF! | F72: =COUNTIFS('F4'!#REF!,B72,'F4'!A2:A7,C72,'F4'!B2:B7,D72,'F4'!F2:F7,"F4") -> #REF! | G72: =E72+F72 -> #REF! | H72: =COUNTIFS('F4'!#REF!,B72,'F4'!A2:A7,C72,'F4'!B2:B7,D72,'F4'!I2:I7,"Trước RS") -> #REF! | I72: =COUNTIFS('F4'!#REF!,B72,'F4'!A2:A7,C72,'F4'!B2:B7,D72,'F4'!I2:I7,"Sau RS") -> #REF! | J72: =SUMIFS('F4'!H2:H7,'F4'!#REF!,B72,'F4'!A2:A7,C72,'F4'!B2:B7,D72) -> #REF! | K72: =J72/$B$7 -> #REF!
A73: DDKD | B73: Quang Vinh Phát MTV | C73: Lê Minh Chiến | D73: Đoàn Thị Hoàng Ngọc | E73: =COUNTIFS('F4'!#REF!,B73,'F4'!A2:A7,C73,'F4'!B2:B7,D73,'F4'!F2:F7,"F2") -> #REF! | F73: =COUNTIFS('F4'!#REF!,B73,'F4'!A2:A7,C73,'F4'!B2:B7,D73,'F4'!F2:F7,"F4") -> #REF! | G73: =E73+F73 -> #REF! | H73: =COUNTIFS('F4'!#REF!,B73,'F4'!A2:A7,C73,'F4'!B2:B7,D73,'F4'!I2:I7,"Trước RS") -> #REF! | I73: =COUNTIFS('F4'!#REF!,B73,'F4'!A2:A7,C73,'F4'!B2:B7,D73,'F4'!I2:I7,"Sau RS") -> #REF! | J73: =SUMIFS('F4'!H2:H7,'F4'!#REF!,B73,'F4'!A2:A7,C73,'F4'!B2:B7,D73) -> #REF! | K73: =J73/$B$7 -> #REF!
A74: NPP | B74: Trịnh Thanh Hà | E74: =COUNTIFS('F4'!#REF!,B74,'F4'!F2:F7,"F2") -> #REF! | F74: =COUNTIFS('F4'!#REF!,B74,'F4'!F2:F7,"F4") -> #REF! | G74: =E74+F74 -> #REF! | H74: =COUNTIFS('F4'!#REF!,B74,'F4'!I2:I7,"Trước RS") -> #REF! | I74: =COUNTIFS('F4'!#REF!,B74,'F4'!I2:I7,"Sau RS") -> #REF! | J74: =SUMIFS('F4'!H2:H7,'F4'!#REF!,B74) -> #REF! | K74: =J74/$B$7 -> #REF!
A75: Sup | B75: Trịnh Thanh Hà | C75: Kiều Trí Thịnh | E75: =COUNTIFS('F4'!#REF!,B75,'F4'!A2:A7,C75,'F4'!F2:F7,"F2") -> #REF! | F75: =COUNTIFS('F4'!#REF!,B75,'F4'!A2:A7,C75,'F4'!F2:F7,"F4") -> #REF! | G75: =E75+F75 -> #REF! | H75: =COUNTIFS('F4'!#REF!,B75,'F4'!A2:A7,C75,'F4'!I2:I7,"Trước RS") -> #REF! | I75: =COUNTIFS('F4'!#REF!,B75,'F4'!A2:A7,C75,'F4'!I2:I7,"Sau RS") -> #REF! | J75: =SUMIFS('F4'!H2:H7,'F4'!#REF!,B75,'F4'!A2:A7,C75) -> #REF! | K75: =J75/$B$7 -> #REF!
A76: DDKD | B76: Trịnh Thanh Hà | C76: Kiều Trí Thịnh | D76: Lê Thị Mai Hạnh | E76: =COUNTIFS('F4'!#REF!,B76,'F4'!A2:A7,C76,'F4'!B2:B7,D76,'F4'!F2:F7,"F2") -> #REF! | F76: =COUNTIFS('F4'!#REF!,B76,'F4'!A2:A7,C76,'F4'!B2:B7,D76,'F4'!F2:F7,"F4") -> #REF! | G76: =E76+F76 -> #REF! | H76: =COUNTIFS('F4'!#REF!,B76,'F4'!A2:A7,C76,'F4'!B2:B7,D76,'F4'!I2:I7,"Trước RS") -> #REF! | I76: =COUNTIFS('F4'!#REF!,B76,'F4'!A2:A7,C76,'F4'!B2:B7,D76,'F4'!I2:I7,"Sau RS") -> #REF! | J76: =SUMIFS('F4'!H2:H7,'F4'!#REF!,B76,'F4'!A2:A7,C76,'F4'!B2:B7,D76) -> #REF! | K76: =J76/$B$7 -> #REF!
A77: DDKD | B77: Trịnh Thanh Hà | C77: Kiều Trí Thịnh | D77: Nguyễn Phúc Bảo Hiền | E77: =COUNTIFS('F4'!#REF!,B77,'F4'!A2:A7,C77,'F4'!B2:B7,D77,'F4'!F2:F7,"F2") -> #REF! | F77: =COUNTIFS('F4'!#REF!,B77,'F4'!A2:A7,C77,'F4'!B2:B7,D77,'F4'!F2:F7,"F4") -> #REF! | G77: =E77+F77 -> #REF! | H77: =COUNTIFS('F4'!#REF!,B77,'F4'!A2:A7,C77,'F4'!B2:B7,D77,'F4'!I2:I7,"Trước RS") -> #REF! | I77: =COUNTIFS('F4'!#REF!,B77,'F4'!A2:A7,C77,'F4'!B2:B7,D77,'F4'!I2:I7,"Sau RS") -> #REF! | J77: =SUMIFS('F4'!H2:H7,'F4'!#REF!,B77,'F4'!A2:A7,C77,'F4'!B2:B7,D77) -> #REF! | K77: =J77/$B$7 -> #REF!
A78: DDKD | B78: Trịnh Thanh Hà | C78: Kiều Trí Thịnh | D78: Nguyễn Văn Lệ | E78: =COUNTIFS('F4'!#REF!,B78,'F4'!A2:A7,C78,'F4'!B2:B7,D78,'F4'!F2:F7,"F2") -> #REF! | F78: =COUNTIFS('F4'!#REF!,B78,'F4'!A2:A7,C78,'F4'!B2:B7,D78,'F4'!F2:F7,"F4") -> #REF! | G78: =E78+F78 -> #REF! | H78: =COUNTIFS('F4'!#REF!,B78,'F4'!A2:A7,C78,'F4'!B2:B7,D78,'F4'!I2:I7,"Trước RS") -> #REF! | I78: =COUNTIFS('F4'!#REF!,B78,'F4'!A2:A7,C78,'F4'!B2:B7,D78,'F4'!I2:I7,"Sau RS") -> #REF! | J78: =SUMIFS('F4'!H2:H7,'F4'!#REF!,B78,'F4'!A2:A7,C78,'F4'!B2:B7,D78) -> #REF! | K78: =J78/$B$7 -> #REF!
A79: NPP | B79: Đại Quang Vinh | E79: =COUNTIFS('F4'!#REF!,B79,'F4'!F2:F7,"F2") -> #REF! | F79: =COUNTIFS('F4'!#REF!,B79,'F4'!F2:F7,"F4") -> #REF! | G79: =E79+F79 -> #REF! | H79: =COUNTIFS('F4'!#REF!,B79,'F4'!I2:I7,"Trước RS") -> #REF! | I79: =COUNTIFS('F4'!#REF!,B79,'F4'!I2:I7,"Sau RS") -> #REF! | J79: =SUMIFS('F4'!H2:H7,'F4'!#REF!,B79) -> #REF! | K79: =J79/$B$7 -> #REF!
A80: Sup | B80: Đại Quang Vinh | C80: Lương Đình Hào | E80: =COUNTIFS('F4'!#REF!,B80,'F4'!A2:A7,C80,'F4'!F2:F7,"F2") -> #REF! | F80: =COUNTIFS('F4'!#REF!,B80,'F4'!A2:A7,C80,'F4'!F2:F7,"F4") -> #REF! | G80: =E80+F80 -> #REF! | H80: =COUNTIFS('F4'!#REF!,B80,'F4'!A2:A7,C80,'F4'!I2:I7,"Trước RS") -> #REF! | I80: =COUNTIFS('F4'!#REF!,B80,'F4'!A2:A7,C80,'F4'!I2:I7,"Sau RS") -> #REF! | J80: =SUMIFS('F4'!H2:H7,'F4'!#REF!,B80,'F4'!A2:A7,C80) -> #REF! | K80: =J80/$B$7 -> #REF!
A81: DDKD | B81: Đại Quang Vinh | C81: Lương Đình Hào | D81: Lê Thị Bình | E81: =COUNTIFS('F4'!#REF!,B81,'F4'!A2:A7,C81,'F4'!B2:B7,D81,'F4'!F2:F7,"F2") -> #REF! | F81: =COUNTIFS('F4'!#REF!,B81,'F4'!A2:A7,C81,'F4'!B2:B7,D81,'F4'!F2:F7,"F4") -> #REF! | G81: =E81+F81 -> #REF! | H81: =COUNTIFS('F4'!#REF!,B81,'F4'!A2:A7,C81,'F4'!B2:B7,D81,'F4'!I2:I7,"Trước RS") -> #REF! | I81: =COUNTIFS('F4'!#REF!,B81,'F4'!A2:A7,C81,'F4'!B2:B7,D81,'F4'!I2:I7,"Sau RS") -> #REF! | J81: =SUMIFS('F4'!H2:H7,'F4'!#REF!,B81,'F4'!A2:A7,C81,'F4'!B2:B7,D81) -> #REF! | K81: =J81/$B$7 -> #REF!
A82: DDKD | B82: Đại Quang Vinh | C82: Lương Đình Hào | D82: Lê Thị Thường | E82: =COUNTIFS('F4'!#REF!,B82,'F4'!A2:A7,C82,'F4'!B2:B7,D82,'F4'!F2:F7,"F2") -> #REF! | F82: =COUNTIFS('F4'!#REF!,B82,'F4'!A2:A7,C82,'F4'!B2:B7,D82,'F4'!F2:F7,"F4") -> #REF! | G82: =E82+F82 -> #REF! | H82: =COUNTIFS('F4'!#REF!,B82,'F4'!A2:A7,C82,'F4'!B2:B7,D82,'F4'!I2:I7,"Trước RS") -> #REF! | I82: =COUNTIFS('F4'!#REF!,B82,'F4'!A2:A7,C82,'F4'!B2:B7,D82,'F4'!I2:I7,"Sau RS") -> #REF! | J82: =SUMIFS('F4'!H2:H7,'F4'!#REF!,B82,'F4'!A2:A7,C82,'F4'!B2:B7,D82) -> #REF! | K82: =J82/$B$7 -> #REF!
A83: DDKD | B83: Đại Quang Vinh | C83: Lương Đình Hào | D83: Phùng Việt Dũng | E83: =COUNTIFS('F4'!#REF!,B83,'F4'!A2:A7,C83,'F4'!B2:B7,D83,'F4'!F2:F7,"F2") -> #REF! | F83: =COUNTIFS('F4'!#REF!,B83,'F4'!A2:A7,C83,'F4'!B2:B7,D83,'F4'!F2:F7,"F4") -> #REF! | G83: =E83+F83 -> #REF! | H83: =COUNTIFS('F4'!#REF!,B83,'F4'!A2:A7,C83,'F4'!B2:B7,D83,'F4'!I2:I7,"Trước RS") -> #REF! | I83: =COUNTIFS('F4'!#REF!,B83,'F4'!A2:A7,C83,'F4'!B2:B7,D83,'F4'!I2:I7,"Sau RS") -> #REF! | J83: =SUMIFS('F4'!H2:H7,'F4'!#REF!,B83,'F4'!A2:A7,C83,'F4'!B2:B7,D83) -> #REF! | K83: =J83/$B$7 -> #REF!
A84: DDKD | B84: Đại Quang Vinh | C84: Lương Đình Hào | D84: Võ Thị Cẩm Nhung | E84: =COUNTIFS('F4'!#REF!,B84,'F4'!A2:A7,C84,'F4'!B2:B7,D84,'F4'!F2:F7,"F2") -> #REF! | F84: =COUNTIFS('F4'!#REF!,B84,'F4'!A2:A7,C84,'F4'!B2:B7,D84,'F4'!F2:F7,"F4") -> #REF! | G84: =E84+F84 -> #REF! | H84: =COUNTIFS('F4'!#REF!,B84,'F4'!A2:A7,C84,'F4'!B2:B7,D84,'F4'!I2:I7,"Trước RS") -> #REF! | I84: =COUNTIFS('F4'!#REF!,B84,'F4'!A2:A7,C84,'F4'!B2:B7,D84,'F4'!I2:I7,"Sau RS") -> #REF! | J84: =SUMIFS('F4'!H2:H7,'F4'!#REF!,B84,'F4'!A2:A7,C84,'F4'!B2:B7,D84) -> #REF! | K84: =J84/$B$7 -> #REF!
A85: DDKD | B85: Đại Quang Vinh | C85: Lương Đình Hào | D85: Đỗ Trọng Nghĩa | E85: =COUNTIFS('F4'!#REF!,B85,'F4'!A2:A7,C85,'F4'!B2:B7,D85,'F4'!F2:F7,"F2") -> #REF! | F85: =COUNTIFS('F4'!#REF!,B85,'F4'!A2:A7,C85,'F4'!B2:B7,D85,'F4'!F2:F7,"F4") -> #REF! | G85: =E85+F85 -> #REF! | H85: =COUNTIFS('F4'!#REF!,B85,'F4'!A2:A7,C85,'F4'!B2:B7,D85,'F4'!I2:I7,"Trước RS") -> #REF! | I85: =COUNTIFS('F4'!#REF!,B85,'F4'!A2:A7,C85,'F4'!B2:B7,D85,'F4'!I2:I7,"Sau RS") -> #REF! | J85: =SUMIFS('F4'!H2:H7,'F4'!#REF!,B85,'F4'!A2:A7,C85,'F4'!B2:B7,D85) -> #REF! | K85: =J85/$B$7 -> #REF!
A86: Sup | B86: Đại Quang Vinh | C86: Trần Minh Hải | E86: =COUNTIFS('F4'!#REF!,B86,'F4'!A2:A7,C86,'F4'!F2:F7,"F2") -> #REF! | F86: =COUNTIFS('F4'!#REF!,B86,'F4'!A2:A7,C86,'F4'!F2:F7,"F4") -> #REF! | G86: =E86+F86 -> #REF! | H86: =COUNTIFS('F4'!#REF!,B86,'F4'!A2:A7,C86,'F4'!I2:I7,"Trước RS") -> #REF! | I86: =COUNTIFS('F4'!#REF!,B86,'F4'!A2:A7,C86,'F4'!I2:I7,"Sau RS") -> #REF! | J86: =SUMIFS('F4'!H2:H7,'F4'!#REF!,B86,'F4'!A2:A7,C86) -> #REF! | K86: =J86/$B$7 -> #REF!
A87: DDKD | B87: Đại Quang Vinh | C87: Trần Minh Hải | D87: Bạch Thị Thanh Thúy | E87: =COUNTIFS('F4'!#REF!,B87,'F4'!A2:A7,C87,'F4'!B2:B7,D87,'F4'!F2:F7,"F2") -> #REF! | F87: =COUNTIFS('F4'!#REF!,B87,'F4'!A2:A7,C87,'F4'!B2:B7,D87,'F4'!F2:F7,"F4") -> #REF! | G87: =E87+F87 -> #REF! | H87: =COUNTIFS('F4'!#REF!,B87,'F4'!A2:A7,C87,'F4'!B2:B7,D87,'F4'!I2:I7,"Trước RS") -> #REF! | I87: =COUNTIFS('F4'!#REF!,B87,'F4'!A2:A7,C87,'F4'!B2:B7,D87,'F4'!I2:I7,"Sau RS") -> #REF! | J87: =SUMIFS('F4'!H2:H7,'F4'!#REF!,B87,'F4'!A2:A7,C87,'F4'!B2:B7,D87) -> #REF! | K87: =J87/$B$7 -> #REF!
A88: DDKD | B88: Đại Quang Vinh | C88: Trần Minh Hải | D88: Cao Thị Vân Anh | E88: =COUNTIFS('F4'!#REF!,B88,'F4'!A2:A7,C88,'F4'!B2:B7,D88,'F4'!F2:F7,"F2") -> #REF! | F88: =COUNTIFS('F4'!#REF!,B88,'F4'!A2:A7,C88,'F4'!B2:B7,D88,'F4'!F2:F7,"F4") -> #REF! | G88: =E88+F88 -> #REF! | H88: =COUNTIFS('F4'!#REF!,B88,'F4'!A2:A7,C88,'F4'!B2:B7,D88,'F4'!I2:I7,"Trước RS") -> #REF! | I88: =COUNTIFS('F4'!#REF!,B88,'F4'!A2:A7,C88,'F4'!B2:B7,D88,'F4'!I2:I7,"Sau RS") -> #REF! | J88: =SUMIFS('F4'!H2:H7,'F4'!#REF!,B88,'F4'!A2:A7,C88,'F4'!B2:B7,D88) -> #REF! | K88: =J88/$B$7 -> #REF!
A89: DDKD | B89: Đại Quang Vinh | C89: Trần Minh Hải | D89: Lê Quang Hải | E89: =COUNTIFS('F4'!#REF!,B89,'F4'!A2:A7,C89,'F4'!B2:B7,D89,'F4'!F2:F7,"F2") -> #REF! | F89: =COUNTIFS('F4'!#REF!,B89,'F4'!A2:A7,C89,'F4'!B2:B7,D89,'F4'!F2:F7,"F4") -> #REF! | G89: =E89+F89 -> #REF! | H89: =COUNTIFS('F4'!#REF!,B89,'F4'!A2:A7,C89,'F4'!B2:B7,D89,'F4'!I2:I7,"Trước RS") -> #REF! | I89: =COUNTIFS('F4'!#REF!,B89,'F4'!A2:A7,C89,'F4'!B2:B7,D89,'F4'!I2:I7,"Sau RS") -> #REF! | J89: =SUMIFS('F4'!H2:H7,'F4'!#REF!,B89,'F4'!A2:A7,C89,'F4'!B2:B7,D89) -> #REF! | K89: =J89/$B$7 -> #REF!
A90: DDKD | B90: Đại Quang Vinh | C90: Trần Minh Hải | D90: Mai Công Danh | E90: =COUNTIFS('F4'!#REF!,B90,'F4'!A2:A7,C90,'F4'!B2:B7,D90,'F4'!F2:F7,"F2") -> #REF! | F90: =COUNTIFS('F4'!#REF!,B90,'F4'!A2:A7,C90,'F4'!B2:B7,D90,'F4'!F2:F7,"F4") -> #REF! | G90: =E90+F90 -> #REF! | H90: =COUNTIFS('F4'!#REF!,B90,'F4'!A2:A7,C90,'F4'!B2:B7,D90,'F4'!I2:I7,"Trước RS") -> #REF! | I90: =COUNTIFS('F4'!#REF!,B90,'F4'!A2:A7,C90,'F4'!B2:B7,D90,'F4'!I2:I7,"Sau RS") -> #REF! | J90: =SUMIFS('F4'!H2:H7,'F4'!#REF!,B90,'F4'!A2:A7,C90,'F4'!B2:B7,D90) -> #REF! | K90: =J90/$B$7 -> #REF!
A91: DDKD | B91: Đại Quang Vinh | C91: Trần Minh Hải | D91: Nguyễn Phương Thắng | E91: =COUNTIFS('F4'!#REF!,B91,'F4'!A2:A7,C91,'F4'!B2:B7,D91,'F4'!F2:F7,"F2") -> #REF! | F91: =COUNTIFS('F4'!#REF!,B91,'F4'!A2:A7,C91,'F4'!B2:B7,D91,'F4'!F2:F7,"F4") -> #REF! | G91: =E91+F91 -> #REF! | H91: =COUNTIFS('F4'!#REF!,B91,'F4'!A2:A7,C91,'F4'!B2:B7,D91,'F4'!I2:I7,"Trước RS") -> #REF! | I91: =COUNTIFS('F4'!#REF!,B91,'F4'!A2:A7,C91,'F4'!B2:B7,D91,'F4'!I2:I7,"Sau RS") -> #REF! | J91: =SUMIFS('F4'!H2:H7,'F4'!#REF!,B91,'F4'!A2:A7,C91,'F4'!B2:B7,D91) -> #REF! | K91: =J91/$B$7 -> #REF!
A92: DDKD | B92: Đại Quang Vinh | C92: Trần Minh Hải | D92: Nguyễn Thành Châu | E92: =COUNTIFS('F4'!#REF!,B92,'F4'!A2:A7,C92,'F4'!B2:B7,D92,'F4'!F2:F7,"F2") -> #REF! | F92: =COUNTIFS('F4'!#REF!,B92,'F4'!A2:A7,C92,'F4'!B2:B7,D92,'F4'!F2:F7,"F4") -> #REF! | G92: =E92+F92 -> #REF! | H92: =COUNTIFS('F4'!#REF!,B92,'F4'!A2:A7,C92,'F4'!B2:B7,D92,'F4'!I2:I7,"Trước RS") -> #REF! | I92: =COUNTIFS('F4'!#REF!,B92,'F4'!A2:A7,C92,'F4'!B2:B7,D92,'F4'!I2:I7,"Sau RS") -> #REF! | J92: =SUMIFS('F4'!H2:H7,'F4'!#REF!,B92,'F4'!A2:A7,C92,'F4'!B2:B7,D92) -> #REF! | K92: =J92/$B$7 -> #REF!
A93: DDKD | B93: Đại Quang Vinh | C93: Trần Minh Hải | D93: Thái Xuân Đông | E93: =COUNTIFS('F4'!#REF!,B93,'F4'!A2:A7,C93,'F4'!B2:B7,D93,'F4'!F2:F7,"F2") -> #REF! | F93: =COUNTIFS('F4'!#REF!,B93,'F4'!A2:A7,C93,'F4'!B2:B7,D93,'F4'!F2:F7,"F4") -> #REF! | G93: =E93+F93 -> #REF! | H93: =COUNTIFS('F4'!#REF!,B93,'F4'!A2:A7,C93,'F4'!B2:B7,D93,'F4'!I2:I7,"Trước RS") -> #REF! | I93: =COUNTIFS('F4'!#REF!,B93,'F4'!A2:A7,C93,'F4'!B2:B7,D93,'F4'!I2:I7,"Sau RS") -> #REF! | J93: =SUMIFS('F4'!H2:H7,'F4'!#REF!,B93,'F4'!A2:A7,C93,'F4'!B2:B7,D93) -> #REF! | K93: =J93/$B$7 -> #REF!
A94: DDKD | B94: Đại Quang Vinh | C94: Trần Minh Hải | D94: Trần Thanh Phúc | E94: =COUNTIFS('F4'!#REF!,B94,'F4'!A2:A7,C94,'F4'!B2:B7,D94,'F4'!F2:F7,"F2") -> #REF! | F94: =COUNTIFS('F4'!#REF!,B94,'F4'!A2:A7,C94,'F4'!B2:B7,D94,'F4'!F2:F7,"F4") -> #REF! | G94: =E94+F94 -> #REF! | H94: =COUNTIFS('F4'!#REF!,B94,'F4'!A2:A7,C94,'F4'!B2:B7,D94,'F4'!I2:I7,"Trước RS") -> #REF! | I94: =COUNTIFS('F4'!#REF!,B94,'F4'!A2:A7,C94,'F4'!B2:B7,D94,'F4'!I2:I7,"Sau RS") -> #REF! | J94: =SUMIFS('F4'!H2:H7,'F4'!#REF!,B94,'F4'!A2:A7,C94,'F4'!B2:B7,D94) -> #REF! | K94: =J94/$B$7 -> #REF!
A95: DDKD | B95: Đại Quang Vinh | C95: Trần Minh Hải | D95: Vũ Chí Công | E95: =COUNTIFS('F4'!#REF!,B95,'F4'!A2:A7,C95,'F4'!B2:B7,D95,'F4'!F2:F7,"F2") -> #REF! | F95: =COUNTIFS('F4'!#REF!,B95,'F4'!A2:A7,C95,'F4'!B2:B7,D95,'F4'!F2:F7,"F4") -> #REF! | G95: =E95+F95 -> #REF! | H95: =COUNTIFS('F4'!#REF!,B95,'F4'!A2:A7,C95,'F4'!B2:B7,D95,'F4'!I2:I7,"Trước RS") -> #REF! | I95: =COUNTIFS('F4'!#REF!,B95,'F4'!A2:A7,C95,'F4'!B2:B7,D95,'F4'!I2:I7,"Sau RS") -> #REF! | J95: =SUMIFS('F4'!H2:H7,'F4'!#REF!,B95,'F4'!A2:A7,C95,'F4'!B2:B7,D95) -> #REF! | K95: =J95/$B$7 -> #REF!
A96: DDKD | B96: Đại Quang Vinh | C96: Trần Minh Hải | D96: Đào Văn Sơn | E96: =COUNTIFS('F4'!#REF!,B96,'F4'!A2:A7,C96,'F4'!B2:B7,D96,'F4'!F2:F7,"F2") -> #REF! | F96: =COUNTIFS('F4'!#REF!,B96,'F4'!A2:A7,C96,'F4'!B2:B7,D96,'F4'!F2:F7,"F4") -> #REF! | G96: =E96+F96 -> #REF! | H96: =COUNTIFS('F4'!#REF!,B96,'F4'!A2:A7,C96,'F4'!B2:B7,D96,'F4'!I2:I7,"Trước RS") -> #REF! | I96: =COUNTIFS('F4'!#REF!,B96,'F4'!A2:A7,C96,'F4'!B2:B7,D96,'F4'!I2:I7,"Sau RS") -> #REF! | J96: =SUMIFS('F4'!H2:H7,'F4'!#REF!,B96,'F4'!A2:A7,C96,'F4'!B2:B7,D96) -> #REF! | K96: =J96/$B$7 -> #REF!
A99: F8: ngày hiện tại + ngày T+3, thực hiện cả tuần chẵn và tuần lẻ.
A100: T2↔T5; T3↔T6; T4↔T7. F2 chuyển F8 cần thêm visit ở tuần chưa có lịch.
A101: Trước RS: tạo trước 01/07/2026; sau RS: từ 01/07/2026.
A102: Nguồn MCP gửi 23/09; lịch này là đề xuất triển khai, chưa cập nhật MCP.

Sheet F4
A1: Sup | B1: DDKD | C1: POS | D1: Mã KH | E1: Tên KH | F1: Tần suất hiện tại | G1: Sales 3M (triệu) | H1: BQ tháng (triệu) | I1: Nhóm RS | J1: Created_date | K1: Kênh | L1: VIP MCH | M1: NGÀY VT KO TÍNH TRÁI TUYẾN | N1: Tuần hiện tại | O1: Ngày VT bổ sung T+3 | P1: Tần suất đề xuất | Q1: Phường/Xã | R1: Địa chỉ | S1: Tuần đề xuất
A2: Lê Minh Chiến | B2: Lê Ngọc Bảo | C2: SM-FM-10KF3761.06 | D2: 3046451 | E2: Công Ty Stella | F2: F4 | G2: 77.864 | H2: =G2/3 -> 25.954667 | I2: Trước RS | J2: 2024-07-23 | K2: Kênh Off Premise | L2: VIP5 | M2: 47 | N2: Both | O2: T4 | P2: F8 | Q2: P. An Phú (TP. Hồ Chí Minh) | R2: 40, Đại Lộ Tự Do | S2: Both
A3: Lê Minh Chiến | B3: Lê Văn Minh Thuận | C3: SM-FM-10KF3761.16 | D3: 3073841 | E3: Tạp Hóa Yến Nhung | F3: F4 | G3: 110.4418 | H3: =G3/3 -> 36.813933 | I3: Trước RS | J3: 2024-10-04 | K3: Kênh Off Premise | L3: VIP5 | M3: 25 | N3: Both | O3: T2 | P3: F8 | Q3: P. Thuận Giao | R3: Kế Nhà 38a, Đường Na 12 | S3: Both
A4: Lê Minh Chiến | B4: Nguyễn Chí Nguyên | C4: SM-FM-10KF3761.13 | D4: 5906 | E4: Thái Ngọc | F4: F4 | G4: 60.18954 | H4: =G4/3 -> 20.06318 | I4: Trước RS | J4: 2014-09-03 | K4: Kênh Off Premise | L4: VIP3 | M4: 47 | N4: Both | O4: T4 | P4: F8 | Q4: P. Bình Hòa | R4: 3/20, Nguyễn Du | S4: Both
A5: Lê Minh Chiến | B5: Nguyễn Lê Quốc Anh | C5: SM-FM-10KF3761.14 | D5: 2017721 | E5: Anh Đào | F5: F4 | G5: 89.601476 | H5: =G5/3 -> 29.867159 | I5: Trước RS | J5: 2015-04-20 | K5: Kênh Off Premise | L5: VIP5 | M5: 47 | N5: Both | O5: T7 | P5: F8 | Q5: P. Bình Hòa | R5: H4, Chợ khu dân cư Minh Tuấn | S5: Both
A6: Lê Minh Chiến | B6: Phùng Minh Trí | C6: SM-FM-10KF3761.09 | D6: 348563 | E6: Quỳnh Như | F6: F4 | G6: 89.4054 | H6: =G6/3 -> 29.8018 | I6: Trước RS | J6: 2015-01-10 | K6: Kênh Off Premise | L6: VIP5 | M6: 25 | N6: Both | O6: T5 | P6: F8 | Q6: P. An Phú (TP. Hồ Chí Minh) | R6: 27A11, Khu Phố 3, Khu Dân Cư An Phú | S6: Both
A7: Lê Minh Chiến | B7: Đoàn Thị Hoàng Ngọc | C7: SM-FM-10KF3761.22 | D7: 3041126 | E7: ÁNH DƯƠNG | F7: F4 | G7: 109.28016 | H7: =G7/3 -> 36.42672 | I7: Trước RS | J7: 2024-07-09 | K7: Kênh Off Premise | L7: LẺ | M7: 25 | N7: Both | O7: T2 | P7: F8 | Q7: P. Thuận Giao | R7: 24/11 ĐT 743, KP Bình Phú | S7: Both

Sheet F2
A1: Sup | B1: DDKD | C1: POS | D1: Mã KH | E1: Tên KH | F1: Tần suất hiện tại | G1: Sales 3M (triệu) | H1: BQ tháng (triệu) | I1: Nhóm RS | J1: Created_date | K1: Kênh | L1: VIP MCH | M1: NGÀY VT KO TÍNH TRÁI TUYẾN | N1: Tuần hiện tại | O1: Ngày VT bổ sung T+3 | P1: TẦN SUẤT KO TÍNH TRÁI TUYẾN | Q1: Phường/Xã | R1: Địa chỉ | S1: Tuần đề xuất
A2: Lê Minh Chiến | B2: Lê Ngọc Bảo | C2: SM-FM-10KF3761.06 | D2: 999257698 | E2: CHỊ LÝ | F2: F2 | G2: 8.681456 | H2: =G2/3 -> 2.8938187 | I2: Trước RS | J2: 2025-10-31 | K2: Kênh Off Premise | L2: LẺ | M2: 7 | N2: Odd Week | O2: T4 | P2: F8 | Q2: P. An Phú (TP. Hồ Chí Minh) | R2: Ô07, D9 | S2: Both
A3: Lê Minh Chiến | B3: Lê Thiện An | C3: SM-FM-10KF3761.05 | D3: 99997541 | E3: Nước Ép Trái Cây | F3: F2 | G3: 7.5208 | H3: =G3/3 -> 2.5069333 | I3: Trước RS | J3: 2025-08-25 | K3: Kênh On Premise | L3: LẺ | M3: 3 | N3: Even Week | O3: T6 | P3: F8 | Q3: P. Lái Thiêu | R3: 141/5, Phan Đình Phùng | S3: Both
A4: Lê Minh Chiến | B4: Lê Thiện An | C4: SM-FM-10KF3761.05 | D4: 3062283 | E4: Cà Phê Thu Thảo | F4: F2 | G4: 6.0668 | H4: =G4/3 -> 2.0222667 | I4: Trước RS | J4: 2024-08-28 | K4: Kênh On Premise | L4: LẺ | M4: 6 | N4: Odd Week | O4: T3 | P4: F8 | Q4: P. Lái Thiêu | R4: 32B, Cách Mạng Tháng 8 | S4: Both
A5: Lê Minh Chiến | B5: Lê Thị Kim Thoa | C5: SM-FM-10KF3761.18 | D5: 999752303 | E5: Tạp Hóa Cô Sương | F5: F2 | G5: 58.185912 | H5: =G5/3 -> 19.395304 | I5: Trước RS | J5: 2026-06-12 | K5: Kênh Off Premise | L5: LẺ | M5: 5 | N5: Odd Week | O5: T2 | P5: F8 | Q5: P. Thuận Giao | R5: Đối Diện Lẩu Bò Ngã 4 Hòa Lân, Thủ Khoa Huân | S5: Both
A6: Lê Minh Chiến | B6: Lê Thị Kim Thoa | C6: SM-FM-10KF3761.18 | D6: 999227317 | E6: Cô Minh | F6: F2 | G6: 17.261 | H6: =G6/3 -> 5.7536667 | I6: Trước RS | J6: 2025-10-16 | K6: Kênh Off Premise | L6: LẺ | M6: 5 | N6: Even Week | O6: T2 | P6: F8 | Q6: P. Thuận Giao | R6: 34, Thuận Giao 33 | S6: Both
A7: Lê Minh Chiến | B7: Lê Thị Kim Thoa | C7: SM-FM-10KF3761.18 | D7: 999752031 | E7: Nhà Trọ Cô Hương Chú Phúc | F7: F2 | G7: 14.6507 | H7: =G7/3 -> 4.8835667 | I7: Trước RS | J7: 2026-06-10 | K7: Kênh Off Premise | L7: LẺ | M7: 4 | N7: Even Week | O7: T7 | P7: F8 | Q7: P. Thuận Giao | R7: 4/5, 22/12 | S7: Both
A8: Lê Minh Chiến | B8: Lê Thị Kim Thoa | C8: SM-FM-10KF3761.18 | D8: 999750579 | E8: Trà Sữa Cô Phượng | F8: F2 | G8: 10.87792 | H8: =G8/3 -> 3.6259733 | I8: Trước RS | J8: 2026-05-29 | K8: Kênh On Premise | L8: LẺ | M8: 5 | N8: Odd Week | O8: T2 | P8: F8 | Q8: P. Thuận Giao | R8: 1A/9, Thuận Giao 16 | S8: Both
A9: Lê Minh Chiến | B9: Lê Thị Kim Thoa | C9: SM-FM-10KF3761.18 | D9: 99924117 | E9: Chị Giang | F9: F2 | G9: 10.4116 | H9: =G9/3 -> 3.4705333 | I9: Trước RS | J9: 2025-07-09 | K9: Kênh On Premise | L9: LẺ | M9: 7 | N9: Even Week | O9: T4 | P9: F8 | Q9: P. Thuận Giao | R9: 02, KCN. Việt Hương | S9: Both
A10: Lê Minh Chiến | B10: Lê Thị Kim Thoa | C10: SM-FM-10KF3761.18 | D10: 999375182 | E10: Hưng Vân | F10: F2 | G10: 10.325952 | H10: =G10/3 -> 3.441984 | I10: Trước RS | J10: 2026-01-05 | K10: Kênh Off Premise | L10: LẺ | M10: 5 | N10: Odd Week | O10: T2 | P10: F8 | Q10: P. Thuận Giao | R10: 44, Hẻm QL13 | S10: Both
A11: Lê Minh Chiến | B11: Lê Thị Kim Thoa | C11: SM-FM-10KF3761.18 | D11: 999751648 | E11: Cafe Giải Khát Chợ Đêm Hòa Lân | F11: F2 | G11: 10.174 | H11: =G11/3 -> 3.3913333 | I11: Trước RS | J11: 2026-06-08 | K11: Kênh On Premise | L11: LẺ | M11: 4 | N11: Even Week | O11: T7 | P11: F8 | Q11: P. Thuận Giao | R11: chợ đêm hòa lân, chợ đêm hòa lân | S11: Both
A12: Lê Minh Chiến | B12: Lê Thị Kim Thoa | C12: SM-FM-10KF3761.18 | D12: 999161097 | E12: Tạp Hóa Cô Bình | F12: F2 | G12: 8.497432 | H12: =G12/3 -> 2.8324773 | I12: Trước RS | J12: 2025-09-23 | K12: Kênh Off Premise | L12: LẺ | M12: 5 | N12: Even Week | O12: T2 | P12: F8 | Q12: P. Thuận Giao | R12: 4, Hòa Lân 1 | S12: Both
A13: Lê Minh Chiến | B13: Lê Thị Kim Thoa | C13: SM-FM-10KF3761.18 | D13: 999754422 | E13: Tạp Hóa Trung Liên | F13: F2 | G13: 8.362 | H13: =G13/3 -> 2.7873333 | I13: Sau RS | J13: 2026-07-02 | K13: Kênh Off Premise | L13: LẺ | M13: 4 | N13: Odd Week | O13: T7 | P13: F8 | Q13: P. Thuận Giao | R13: Cạnh đường Thuận Giao 26, Đại Lộ Bình Dương | S13: Both
... A107: Lê Minh Chiến | B107: Đoàn Thị Hoàng Ngọc | C107: SM-FM-10KF3761.22 | D107: 999749812 | E107: Tạp Hóa Chị Vân | F107: F2 | G107: 8.6264 | H107: =G107/3 -> 2.8754667 | I107: Trước RS | J107: 2026-05-26 | K107: Kênh Off Premise | L107: LẺ | M107: 3 | N107: Odd Week | O107: T6 | P107: F8 | Q107: P. Thuận Giao | R107: 02, Bình Chuẩn 15 | S107: Both
